TICKER;NOTA;TIER 1;TIER 2;PRECO;CAGR RECEITAS 5 ANOS;CAGR LUCROS 5 ANOS;ROE;DY;PSR; LPA;P/VP;DIVIDA LIQUIDA / EBIT;LIQ. CORRENTE;MARGEM BRUTA;MARGEM EBIT;MARG. LIQUIDA
ABCB4;1;1;1;21;20,08%;18,02%;14,95%;9,26%;0,61;3,9;0,81;0;2,58;23,05%;13,51%;11,24%
BALM3;1;1;1;21;5,42%;37,76%;16,99%;3,05%;0,99;3,17;1,13;-1,5;3,3;61,72%;20,12%;14,96%
BALM4;1;1;1;16,23;5,42%;37,76%;16,99%;8,37%;0,77;3,17;0,87;-1,5;3,3;61,72%;20,12%;14,96%
BGIP3;1;1;1;34,99;13,80%;18,70%;20,62%;11,03%;0,6;6,84;1,05;0;0,8;39,62%;17,00%;11,80%
BGIP4;1;1;1;29,1;13,80%;18,70%;20,62%;14,59%;0,5;6,84;0,88;0;0,8;39,62%;17,00%;11,80%
CAMB3;1;1;1;9,92;14,78%;29,95%;25,25%;8,48%;0,99;1,77;1,41;-0,53;3,09;48,85%;20,11%;17,59%
CMIG4;1;1;1;10,44;9,42%;17,50%;25,09%;17,51%;0,74;2,45;1,07;1,09;1,06;19,63%;23,79%;17,25%
EALT3;1;1;1;15,39;13,53%;41,25%;28,11%;1,24%;0,59;4,21;1,03;0,81;1,27;29,10%;20,65%;16,13%
EALT4;1;1;1;14,1;13,53%;41,25%;28,11%;1,49%;0,54;4,21;0,94;0,81;1,27;29,10%;20,65%;16,13%
KEPL3;1;1;1;7,45;22,47%;35,65%;24,17%;8,78%;0,85;0,96;1,88;-0,13;2,01;28,03%;15,90%;10,89%
LEVE3;1;1;1;29,36;12,53%;14,04%;56,36%;8,98%;0,83;3,69;4,49;0,87;1,34;27,77%;16,85%;10,40%
POMO3;1;1;1;6,52;14,78%;41,24%;28,59%;8,82%;0,86;1;1,87;0,95;1,7;24,73%;16,33%;13,14%
SHUL4;1;1;1;5,17;12,91%;22,36%;18,15%;7,44%;0,93;0,75;1,26;-0,16;3,1;26,23%;14,79%;13,43%
SOND3;1;1;1;47;25,49%;40,27%;33,27%;12,13%;0,56;9,69;1,61;-0,95;2,07;30,11%;15,95%;11,54%
SOND5;1;1;1;44,96;25,49%;40,27%;33,27%;13,95%;0,54;9,69;1,54;-0,95;2,07;30,11%;15,95%;11,54%
SOND6;1;1;1;37,85;25,49%;40,27%;33,27%;16,57%;0,45;9,69;1,3;-0,95;2,07;30,11%;15,95%;11,54%
SYNE3;1;1;1;5,94;23,59%;76,27%;51,13%;56,15%;0,68;3,66;0,83;0,48;5,43;41,41%;62,11%;42,00%
TKNO3;1;1;1;99,98;15,06%;38,60%;14,79%;4,07%;0,99;16,28;0,91;-1,34;3,45;26,46%;17,21%;16,12%
TKNO4;1;1;1;82;15,06%;38,60%;14,79%;8,59%;0,81;16,28;0,74;-1,34;3,45;26,46%;17,21%;16,12%
ALLD3;1,5;1;2;6,95;8,27%;1,88%;6,90%;18,66%;0,12;1,17;0,41;0,75;1,86;12,00%;3,42%;2,08%
BBAS3;1,5;1;2;20,62;17,31%;8,51%;13,57%;11,56%;0,42;4,3;0,65;0;14,03;36,83%;6,66%;8,86%
GMAT3;1,5;1;2;7,79;31,90%;32,81%;13,93%;2,77%;0,53;0,62;1,75;0,28;2,4;22,79%;6,75%;4,22%
LVTC3;1,5;1;2;3,6;10,59%;9,93%;4,84%;5,28%;0,27;0,51;0,34;-2,1;1,76;27,19%;8,17%;3,81%
MELK3;1,5;1;2;3,38;12,82%;3,68%;5,03%;13,02%;0,69;0,26;0,64;-0,01;2,78;21,83%;6,10%;5,40%
MTSA4;1,5;1;2;43,11;11,91%;15,34%;7,91%;6,38%;0,73;4,18;0,82;-4;5,36;23,76%;7,29%;7,06%
PATI3;1,5;1;2;40,44;14,96%;37,28%;11,05%;14,36%;0,44;3,63;1,23;0,36;2,2;12,30%;6,16%;3,99%
PATI4;1,5;1;2;35,99;14,96%;37,28%;11,05%;19,29%;0,4;3,63;1,1;0,36;2,2;12,30%;6,16%;3,99%
PSSA3;1,5;1;2;51,13;14,28%;15,43%;20,39%;4,60%;0,91;4,37;2,39;-3,13;1,13;100,00%;8,76%;7,79%
RADL3;1,5;1;2;13,71;17,22%;8,78%;18,13%;2,97%;0,59;0,68;3,63;1,17;1,34;29,58%;5,79%;2,95%
SOJA3;1,5;1;2;10,86;35,41%;30,27%;7,42%;2,74%;0,77;0,74;1,09;-0,26;3,46;12,79%;8,38%;5,26%
TTEN3;1,5;1;2;13,45;41,95%;45,71%;19,11%;1,42%;0,49;1,59;1,62;0,46;1,45;18,63%;8,77%;5,82%
BRQB3;1,5;2;1;0;6,83%;16,94%;26,51%;0,00%;0;0,48;0;-1,57;2,81;36,32%;15,32%;11,02%
CAMB4;1,5;2;1;6,25;14,78%;29,95%;25,25%;0,00%;0,62;1,77;0,89;-0,53;3,09;48,85%;20,11%;17,59%
CTCA3;1,5;2;1;0;11,54%;55,39%;15,60%;0,00%;0;0,55;0;-3,45;5,53;67,04%;31,43%;41,57%
LHER3;1,5;2;1;0;4,31%;-51,59%;1,95%;0,00%;0;2,76;0;-3,77;6,36;63,41%;22,35%;10,99%
LHER4;1,5;2;1;0;4,31%;-51,59%;1,95%;0,00%;0;2,76;0;-3,77;6,36;63,41%;22,35%;10,99%
RSUL3;1,5;2;1;0;17,77%;27,64%;23,36%;0,00%;0;9,66;0;-0,46;2,65;41,05%;21,75%;15,11%
STTR3;1,5;2;1;0;22,02%;0,00%;32,10%;0,00%;0;0,94;0;-0,22;2,46;31,37%;17,25%;14,11%
AHEB3;2;2;2;35,8;50,82%;0,00%;48,31%;0,00%;0,47;9,06;1,91;-1,13;2,89;16,65%;9,34%;11,83%
AHEB5;2;2;2;58;50,82%;0,00%;48,31%;0,00%;0,76;9,06;3,09;-1,13;2,89;16,65%;9,34%;11,83%
AHEB6;2;2;2;55;50,82%;0,00%;48,31%;0,00%;0,72;9,06;2,93;-1,13;2,89;16,65%;9,34%;11,83%
AMER3;2;2;2;5,22;16,22%;0,00%;163,84%;0,00%;0,08;36,62;0,23;-1,24;1,49;31,11%;-5,71%;53,64%
BAUH3;2;2;2;0;5,05%;15,28%;17,98%;0,00%;0;3,92;0;-1,52;1,4;26,22%;9,00%;8,30%
CRIV3;2;2;2;6,98;27,56%;-21,36%;1,89%;0,00%;0,35;0,2;0,66;0;131,56;20,26%;0,43%;0,99%
CRIV4;2;2;2;6,74;27,56%;-21,36%;1,89%;0,00%;0,33;0,2;0,64;0;131,56;20,26%;0,43%;0,99%
DMVF3;2;2;2;4,76;353,03%;0,00%;2,78%;0,00%;0,11;0,49;0,27;0,07;1,08;30,38%;2,82%;1,11%
GUAR3;2;2;2;8,01;4,29%;-11,30%;6,05%;0,00%;0,41;0,65;0,74;1,1;1,49;59,41%;8,05%;3,31%
NUTR3;2;2;2;3,17;25,86%;-30,42%;13,17%;0,00%;0,22;0,42;0,98;0,78;1,81;17,76%;7,05%;2,88%
SOMA3;2;2;2;5,95;37,72%;80,87%;27,15%;0,00%;0,87;2,01;0,8;-0,45;2,36;56,80%;-46,46%;29,33%
ABEV3;2;3;1;13,55;11,20%;4,14%;15,27%;6,81%;2,33;0,92;2,26;-0,76;1,11;51,46%;24,69%;15,74%
AFLT3;2;3;1;7,6;14,85%;3,47%;10,84%;5,65%;7,67;0,43;1,94;-0,58;1,59;64,93%;58,24%;42,88%
ALOS3;2;3;1;22,17;29,82%;108,22%;6,42%;4,50%;4,38;1,59;0,9;-1,9;2,87;74,10%;59,06%;31,40%
B3SA3;2;3;1;13,58;12,34%;11,76%;25,18%;2,18%;6,64;0,9;3,8;0,06;2,13;89,93%;59,29%;43,97%
BLAU3;2;3;1;12,95;12,41%;6,01%;12,18%;2,61%;1,31;1,49;1,05;0,17;3,23;38,95%;22,09%;15,16%
BOAS3;2;3;1;7,95;8,81%;74,34%;12,04%;0,00%;4,93;0,52;1,83;-6,92;12,37;56,53%;19,25%;32,39%
CMIG3;2;3;1;14,9;9,42%;17,50%;25,09%;13,40%;1,05;2,45;1,53;1,09;1,06;19,63%;23,79%;17,25%
CMIN3;2;3;1;5,09;7,57%;-0,28%;35,30%;16,31%;1,65;0,66;2,73;-0,85;2,24;50,45%;31,11%;21,38%
CPRE3;2;3;1;18,23;13,50%;64,55%;22,74%;0,00%;3;1,96;2,11;0,01;0,97;63,99%;48,06%;32,27%
CSUD3;2;3;1;17,99;5,53%;27,77%;18,47%;6,27%;1,3;2,19;1,52;-0,12;1,27;42,13%;22,26%;15,78%
DIRR3;2;3;1;40,68;18,09%;45,38%;29,96%;9,17%;1,98;3,76;3,24;0,44;3,82;37,03%;22,20%;18,26%
ENAT3;2;3;1;21,8;11,74%;5,75%;12,53%;0,00%;2,61;2,12;1,29;0,47;3,9;24,54%;56,10%;25,34%
EQPA3;2;3;1;5,7;13,58%;32,55%;43,35%;11,68%;1,18;0,84;2,9;1,1;1,19;32,46%;25,07%;17,63%
EQPA5;2;3;1;6,46;13,58%;32,55%;43,35%;10,20%;1,35;0,84;3,32;1,1;1,19;32,46%;25,07%;17,63%
EQPA6;2;3;1;8;13,58%;32,55%;43,35%;8,23%;1,67;0,84;4,11;1,1;1,19;32,46%;25,07%;17,63%
EQPA7;2;3;1;8,05;13,58%;32,55%;43,35%;8,18%;1,68;0,84;4,14;1,1;1,19;32,46%;25,07%;17,63%
EZTC3;2;3;1;13,45;14,17%;9,48%;9,02%;8,68%;1,82;2;0,61;1,07;7,71;35,19%;22,74%;27,07%
FIQE3;2;3;1;3,7;44,39%;36,61%;14,27%;2,68%;1,28;0,48;1,1;0,58;1,55;50,81%;25,62%;16,64%
GRND3;2;3;1;5,19;4,88%;7,45%;18,02%;9,26%;1,78;0,79;1,2;-2,75;4,47;47,65%;19,36%;26,72%
ITSA3;2;3;1;10,54;10,46%;8,09%;17,71%;8,39%;14,13;1,38;1,35;0,22;1,97;28,63%;207,75%;185,53%
ITSA4;2;3;1;10,53;10,46%;8,09%;17,71%;8,40%;14,11;1,38;1,35;0,22;1,97;28,63%;207,75%;185,53%
LAVV3;2;3;1;12,5;51,55%;52,04%;24,07%;8,05%;1,53;1,84;1,64;0,01;4,85;34,22%;26,28%;22,48%
LPSB3;2;3;1;1,45;5,45%;0,00%;8,90%;5,02%;1,06;0,14;0,92;-1,74;1,56;80,88%;21,77%;10,21%
MDNE3;2;3;1;22,16;30,95%;0,00%;17,33%;5,59%;1,11;3,29;1,17;0,45;2,62;33,77%;16,55%;16,43%
ODPV3;2;3;1;11,24;4,75%;14,57%;41,21%;8,11%;2,65;1,03;4,5;-0,68;0,85;36,46%;31,61%;24,29%
OFSA3;2;3;1;22,62;10,59%;21,70%;19,44%;3,21%;1,18;2,29;1,92;0,24;2,56;50,58%;81,96%;11,92%
PLPL3;2;3;1;14,1;29,22%;29,29%;46,07%;7,13%;1,07;1,81;3,59;0,27;3,12;32,98%;18,04%;13,69%
POMO4;2;3;1;8,28;14,78%;41,24%;28,59%;6,95%;1,09;1;2,37;0,95;1,7;24,73%;16,33%;13,14%
RECV3;2;3;1;13,79;57,21%;54,19%;12,43%;15,88%;1,2;1,89;0,91;0,83;2,47;36,76%;29,83%;16,42%
RSUL4;2;3;1;67,39;17,77%;27,64%;23,36%;0,00%;1,06;9,66;1,63;-0,46;2,65;41,05%;21,75%;15,11%
SBSP3;2;3;1;111,62;14,98%;24,91%;26,66%;3,34%;2,01;14,98;1,99;1,17;1,09;53,87%;43,91%;26,93%
TECN3;2;3;1;6,84;4,83%;0,00%;15,53%;3,49%;1,01;1,03;1,04;0,18;3,2;54,67%;16,13%;15,17%
TGMA3;2;3;1;35,27;9,18%;7,33%;28,62%;7,31%;1,09;4,19;2,41;-0,37;3,2;21,57%;17,64%;12,90%
VIVA3;2;3;1;25;28,01%;23,21%;28,05%;2,64%;2,22;3,1;2,26;0,4;3,54;70,11%;27,44%;27,44%
VULC3;2;3;1;19,34;17,52%;32,63%;26,62%;8,39%;1,69;2,13;2,42;0,02;3,74;41,88%;18,82%;18,63%
EUCA3;2,5;1;4;19,51;13,37%;29,66%;9,07%;3,43%;0,61;2,6;0,68;1,41;2,06;34,04%;14,02%;8,13%
EUCA4;2,5;1;4;17,35;13,37%;29,66%;9,07%;4,24%;0,54;2,6;0,61;1,41;2,06;34,04%;14,02%;8,13%
GGBR3;2,5;1;4;14,8;11,07%;22,14%;5,84%;4,32%;0,44;1,61;0,54;1,25;2,64;12,80%;8,98%;4,80%
GGBR4;2,5;1;4;16,4;11,07%;22,14%;5,84%;3,90%;0,49;1,61;0,59;1,25;2,64;12,80%;8,98%;4,80%
GGPS3;2,5;1;4;15,24;27,93%;25,70%;18,15%;2,13%;0,65;0,98;2,8;1,48;2,34;14,79%;8,44%;4,21%
GOAU3;2,5;1;4;9,16;11,07%;21,31%;5,74%;3,70%;0,13;1,12;0,47;1,25;2,64;12,80%;8,96%;1,64%
GOAU4;2,5;1;4;9,13;11,07%;21,31%;5,74%;3,72%;0,13;1,12;0,47;1,25;2,64;12,80%;8,96%;1,64%
BAUH4;2,5;3;2;82,49;5,05%;15,28%;17,98%;1,50%;1,75;3,92;3,79;-1,52;1,4;26,22%;9,00%;8,30%
BMOB3;2,5;3;2;21,77;57,50%;28,72%;11,07%;6,15%;1,22;1,5;1,6;-4,21;2,65;23,47%;8,07%;8,40%
EMAE3;2,5;3;2;150,02;7,20%;-6,38%;5,41%;0,51%;8,99;1,8;4,5;-146,02;3,91;36,47%;0,30%;10,80%
EMAE4;2,5;3;2;30,15;7,20%;-6,38%;5,41%;2,78%;1,81;1,8;0,9;-146,02;3,91;36,47%;0,30%;10,80%
FESA3;2,5;3;2;11,74;11,82%;7,02%;9,23%;3,88%;1,82;0,88;1,23;-3,51;3,09;19,68%;6,09%;13,64%
FESA4;2,5;3;2;6,71;11,82%;7,02%;9,23%;7,48%;1,04;0,88;0,7;-3,51;3,09;19,68%;6,09%;13,64%
FICT3;2,5;3;2;3,49;31,18%;23,04%;50,59%;0,00%;3,01;0,84;2,1;-3,64;6,84;93,64%;7,30%;72,33%
INTB3;2,5;3;2;15,04;22,88%;18,17%;14,84%;3,06%;1,06;1,33;1,68;0,73;2,77;29,79%;9,74%;9,41%
LCAM3;2,5;3;2;24,15;12,12%;16,01%;4,71%;0,00%;1,49;1,4;0,81;-4,82;7,55;14,91%;8,11%;8,59%
LREN3;2,5;3;2;18,39;8,53%;3,07%;12,45%;3,97%;1,32;1,21;1,9;-0,83;1,67;60,83%;9,85%;8,65%
LWSA3;2,5;3;2;3,89;28,85%;12,48%;1,19%;1,84%;1,57;0,06;0,8;-3,24;1,17;47,56%;8,74%;2,33%
MTSA3;2,5;3;2;76;11,91%;15,34%;7,91%;3,29%;1,28;4,18;1,44;-4;5,36;23,76%;7,29%;7,06%
APTI3;2,5;4;1;197,64;-2,98%;0,00%;9,84%;0,00%;0,1;1.363,32;0,01;-3,23;5,86;100,11%;29,38%;66,99%
APTI4;2,5;4;1;2.930,92;-2,98%;0,00%;9,84%;0,00%;1,44;1.363,32;0,21;-3,23;5,86;100,11%;29,38%;66,99%
CEBR3;2,5;4;1;19,31;-33,77%;8,66%;16,18%;10,22%;3,56;2,5;1,25;-2,92;9,39;53,68%;59,70%;46,17%
CEBR5;2,5;4;1;19,65;-33,77%;8,66%;16,18%;10,04%;3,63;2,5;1,27;-2,92;9,39;53,68%;59,70%;46,17%
CEBR6;2,5;4;1;21,3;-33,77%;8,66%;16,18%;10,19%;3,93;2,5;1,38;-2,92;9,39;53,68%;59,70%;46,17%
CESP3;2,5;4;1;25,55;-1,33%;-0,84%;13,95%;0,00%;5,41;3,4;1,05;0,98;3,32;31,72%;132,40%;72,05%
CESP5;2,5;4;1;25;-1,33%;-0,84%;13,95%;0,00%;5,29;3,4;1,02;0,98;3,32;31,72%;132,40%;72,05%
CESP6;2,5;4;1;25,25;-1,33%;-0,84%;13,95%;0,00%;5,34;3,4;1,03;0,98;3,32;31,72%;132,40%;72,05%
CORR3;2,5;4;1;2,71;-16,36%;0,00%;152,84%;0,00%;0,19;307,95;0,01;-1,41;4,25;100,00%;2560,96%;2141,14%
CORR4;2,5;4;1;82;-16,36%;0,00%;152,84%;0,00%;5,7;307,95;0,41;-1,41;4,25;100,00%;2560,96%;2141,14%
GETT3;2,5;4;1;2,4;0,00%;0,00%;16,41%;0,00%;1,34;0,32;1,24;0,99;1,03;41,43%;18,41%;17,71%
GETT4;2,5;4;1;2,4;0,00%;0,00%;16,41%;0,00%;1,34;0,32;1,24;0,99;1,03;41,43%;18,41%;17,71%
IRBR3;2,5;4;1;44,61;-1,73%;-10,29%;13,82%;0,00%;0,61;8,59;0,71;0;1,36;12,67%;12,90%;11,72%
LUXM3;2,5;4;1;0;2,77%;22,98%;23,24%;0,00%;0;0,88;0;0,03;1,41;29,34%;14,77%;26,99%
LUXM4;2,5;4;1;4,2;2,77%;22,98%;23,24%;0,00%;1,29;0,88;1,11;0,03;1,41;29,34%;14,77%;26,99%
PEAB3;2,5;4;1;40,3;-26,42%;-4,69%;3,99%;2,02%;7,83;1,9;0,85;-1,72;5,51;58,45%;30,99%;36,86%
PEAB4;2,5;4;1;42,51;-26,42%;-4,69%;3,99%;2,08%;8,26;1,9;0,89;-1,72;5,51;58,45%;30,99%;36,86%
SMLS3;2,5;4;1;22,4;0,00%;0,00%;37,96%;0,00%;4,21;2,08;4,09;-0,24;1,1;85,18%;41,42%;39,07%
VLID3;2,5;4;1;22,45;1,58%;41,37%;17,51%;12,06%;0,84;3,74;1,05;-0,12;2,83;35,02%;17,65%;14,01%
BRFS3;3;1;5;20,58;12,91%;66,71%;23,89%;3,43%;0,54;2,28;2,15;0,93;1,46;26,24%;11,77%;6,03%
CEAB3;3;1;5;16,98;7,64%;230,92%;11,82%;4,00%;0,67;1,25;1,61;-0,09;1,3;54,88%;10,61%;4,95%
CSED3;3;1;5;4,86;11,74%;9,71%;12,34%;7,73%;0,67;0,53;1,14;0,97;1,35;49,42%;20,05%;7,30%
DEXP3;3;1;5;8,94;17,81%;44,36%;15,64%;5,89%;0,48;1,43;0,98;-0,15;3,06;17,59%;11,84%;7,72%
DEXP4;3;1;5;8,92;17,81%;44,36%;15,64%;6,03%;0,48;1,43;0,98;-0,15;3,06;17,59%;11,84%;7,72%
MWET3;3;2;4;13;9,33%;0,00%;131,35%;0,00%;0,1;12,66;1,35;1,35;0,79;5,77%;21,95%;9,68%
MWET4;3;2;4;12,3;9,33%;0,00%;131,35%;0,00%;0,09;12,66;1,28;1,35;0,79;5,77%;21,95%;9,68%
TEND3;3;2;4;23,23;10,99%;-6,58%;17,30%;0,73%;0,84;1,53;2,63;1,3;1,77;28,78%;10,02%;5,51%
ALPA3;3;4;2;7,77;2,05%;-6,53%;4,83%;1,25%;1,24;0,29;1,31;-1,44;2,17;44,69%;3,36%;4,58%
ALPA4;3;4;2;8,61;2,05%;-6,53%;4,83%;1,24%;1,37;0,29;1,45;-1,44;2,17;44,69%;3,36%;4,58%
BMKS3;3;4;2;392,1;2,77%;30,85%;7,01%;8,45%;11,75;31,26;0,88;-129;34,72;30,90%;7,86%;93,72%
BRBI11;3;4;2;16,38;-5,26%;19,61%;23,53%;12,29%;4,68;1,78;2,16;-55,74;1,04;100,00%;5,56%;51,05%
BRBI3;3;4;2;0;-5,26%;19,61%;23,53%;0,00%;0;0,59;0;-55,74;1,04;100,00%;5,56%;51,05%
BRBI4;3;4;2;0;-5,26%;19,61%;23,53%;0,00%;0;0,59;0;-55,74;1,04;100,00%;5,56%;51,05%
HGTX3;3;4;2;37,5;-7,54%;-26,63%;3,51%;0,00%;4,18;0,37;3,57;-5,99;2,47;40,58%;-0,59%;4,10%
HOOT3;3;5;1;0;12,34%;0,00%;-169,21%;0,00%;0;4,41;0;-0,25;0,64;69,51%;73,02%;45,44%
HOOT4;3;5;1;4,3;12,34%;0,00%;-169,21%;0,00%;0,44;4,41;-1,65;-0,25;0,64;69,51%;73,02%;45,44%
NEXP3;3;5;1;3,9;-3,43%;0,00%;-197,32%;0,00%;0,12;37,54;-0,21;-0,07;0,53;43,77%;132,33%;112,43%
NAFG4;3,5;2;5;19,02;7,87%;35,19%;23,42%;0,00%;0,33;5,46;0,82;1,17;2,52;41,15%;16,49%;9,34%
PTCA11;3,5;2;5;0;19,72%;30,95%;29,27%;0,00%;0;9,22;0;1,23;1,94;48,98%;12,20%;9,03%
PTCA3;3,5;2;5;0;19,72%;30,95%;29,27%;0,00%;0;9,22;0;1,23;1,94;48,98%;12,20%;9,03%
VSPT3;3,5;2;5;5;7,66%;17,79%;18,72%;0,00%;0,19;2,11;0,44;-0,08;1,85;19,54%;13,37%;8,00%
VSPT4;3,5;2;5;0;7,66%;17,79%;18,72%;0,00%;0;2,11;0;-0,08;1,85;19,54%;13,37%;8,00%
CYRE3;3,5;3;4;26,53;15,17%;32,67%;18,28%;4,03%;1,22;4,45;1,09;1,48;3,36;32,60%;24,36%;20,48%
IGTA3;3,5;3;4;33;7,14%;3,89%;9,81%;0,00%;5,03;2,28;1,42;1,36;4,11;66,58%;58,35%;34,66%
UNIP3;3,5;3;4;51,09;12,24%;30,27%;24,57%;8,96%;1,03;5,75;2,18;1,27;2,24;27,93%;13,55%;11,55%
UNIP5;3,5;3;4;58,15;12,24%;30,27%;24,57%;4,71%;1,17;5,75;2,48;1,27;2,24;27,93%;13,55%;11,55%
UNIP6;3,5;3;4;57,61;12,24%;30,27%;24,57%;8,74%;1,16;5,75;2,46;1,27;2,24;27,93%;13,55%;11,55%
VALE3;3,5;3;4;54,54;7,33%;0,00%;15,57%;8,71%;1,17;6,93;1,23;1,31;1,11;35,45%;25,35%;14,88%
VIVT3;3,5;3;4;31,58;4,76%;2,69%;8,39%;3,47%;1,82;1,75;1,51;1,41;0,96;43,78%;15,43%;10,07%
VIVT4;3,5;3;4;45,34;4,76%;2,69%;8,39%;0,00%;2,61;1,75;2,17;1,41;0,96;43,78%;15,43%;10,07%
BRAP3;3,5;4;3;15;0,00%;6,06%;18,90%;12,28%;0;4,06;0,7;-0,18;5,41;0,00%;0,00%;0,00%
BRAP4;3,5;4;3;16,15;0,00%;6,06%;18,90%;12,55%;0;4,06;0,75;-0,18;5,41;0,00%;0,00%;0,00%
CSAB3;3,5;4;3;30,5;-33,40%;-1,31%;8,94%;0,00%;312,32;2,46;1,11;0;4,45;-124,00%;1656,27%;2521,73%
CSAB4;3,5;4;3;48,97;-33,40%;-1,31%;8,94%;0,00%;501,45;2,46;1,78;0;4,45;-124,00%;1656,27%;2521,73%
CXSE3;3,5;4;3;13,95;0,00%;20,85%;28,22%;8,21%;0;1,32;2,98;-0,27;9,32;0,00%;0,00%;0,00%
LIPR3;3,5;4;3;36,01;0,00%;13,23%;10,46%;1,99%;0;2,08;1,81;-3,87;87,6;0,00%;0,00%;0,00%
LTEL3B;3,5;4;3;86,61;0,00%;-31,39%;20,72%;0,64%;0;3,61;4,97;-0,03;5,13;0,00%;0,00%;0,00%
POWE3;3,5;4;3;10,9;0,00%;0,00%;4,13%;0,00%;0,62;0,46;0,99;-6,96;1,13;6,82%;3,52%;2,59%
BRIV3;3,5;5;2;12,86;29,48%;-43,98%;0,17%;0,00%;0,35;0,03;0,67;0;4;12,70%;-0,94%;0,09%
BRIV4;3,5;5;2;12,54;29,48%;-43,98%;0,17%;0,00%;0,34;0,03;0,65;0;4;12,70%;-0,94%;0,09%
GPIV33;3,5;6;1;3,59;0,00%;0,00%;-13,84%;0,00%;0;-2,75;0,18;0,95;2,74;100,00%;520,66%;282,88%
EMBR3;4;3;5;71,08;27,61%;0,00%;12,07%;0,10%;1,41;2,98;2,87;0,97;1,32;17,79%;10,93%;5,91%
NAFG3;4;3;5;64,37;7,87%;35,19%;23,42%;0,00%;1,1;5,46;2,76;1,17;2,52;41,15%;16,49%;9,34%
RDOR3;4;3;5;33,39;30,58%;28,46%;16,33%;2,22%;1,49;1,78;3,06;-0,27;2,87;19,38%;15,50%;7,95%
TIMS3;4;3;5;20,72;7,93%;-16,17%;10,73%;7,96%;1,95;0,62;3,59;-0,97;0,92;53,30%;22,08%;5,83%
QUSW3;4;4;4;0;-12,03%;62,00%;22,61%;0,00%;0;28,5;0;1,44;1,14;94,75%;47,06%;36,45%
OIBR3;4;5;3;0,62;-30,86%;0,00%;-95,87%;0,00%;0,12;42,57;-0,01;-8,61;0,7;-103,32%;-68,99%;847,38%
OIBR4;4;5;3;8,34;-30,86%;0,00%;-95,87%;0,00%;1,66;42,57;-0,19;-8,61;0,7;-103,32%;-68,99%;847,38%
AERI3;4;6;2;4,27;12,70%;0,00%;-889,48%;0,00%;0,22;-15,89;2,39;-1,96;0,99;10,79%;-63,54%;-81,51%
BHIA3;4;6;2;3,24;1,39%;0,00%;-49,14%;0,00%;0,01;-16,75;0,1;-14,38;0,76;30,06%;-1,82%;-5,98%
BIOM3;4;6;2;7,62;74,06%;0,00%;-28,61%;0,00%;6,72;-0,57;3,85;-0,04;2,64;11,61%;-40,66%;-49,90%
BRPR3;4;6;2;131,17;-7,12%;0,00%;-9,55%;0,00%;0,7;-233,75;0,05;0,27;1,12;100,00%;-336,36%;-123,98%
DOHL3;4;6;2;6,51;5,16%;0,00%;-2,73%;0,15%;0,8;-0,25;0,71;-2,98;4,88;20,99%;-3,48%;-3,05%
DOHL4;4;6;2;4,3;5,16%;0,00%;-2,73%;0,26%;0,53;-0,25;0,47;-2,98;4,88;20,99%;-3,48%;-3,05%
DTCY3;4;6;2;3,05;-18,43%;0,00%;-22,87%;0,00%;5,53;-0,1;-7,01;-2,67;0,54;25,75%;-10,17%;-18,06%
DTCY4;4;6;2;62,6;-18,43%;0,00%;-22,87%;0,00%;113,58;-0,1;-143,82;-2,67;0,54;25,75%;-10,17%;-18,06%
FIEI3;4;6;2;12,2;-40,55%;0,00%;-0,80%;0,00%;11,79;-0,26;0,37;-31,5;2,05;64,90%;-14,12%;-25,37%
GSHP3;4;6;2;4,3;5,33%;0,00%;-41,63%;0,00%;0,05;-304,25;-0,01;-24,31;0,92;66,69%;-47,86%;-319,28%
IFCM3;4;6;2;0,05;50,42%;0,00%;-1157,09%;0,00%;0,09;-0,95;-0,61;-0,48;0,73;29,70%;-149,16%;-165,92%
MATD3;4;6;2;4,53;24,89%;0,00%;-24,80%;1,65%;0,72;-1,06;1,06;-2,01;2,95;29,00%;-17,67%;-16,83%
ONCO3;4;6;2;5,3;0,00%;0,00%;-26,78%;0,00%;0,55;-1,23;1,15;-16,56;1,81;31,79%;-3,68%;-12,81%
PCAR3;4;6;2;3,59;-19,80%;0,00%;-69,32%;0,00%;0,09;-3,91;0,64;-8,58;0,98;27,63%;-1,47%;-10,10%
RDNI3;4;6;2;2,29;11,10%;0,00%;-62,76%;0,00%;0,21;-3,16;0,45;-7,18;1,79;15,60%;-15,36%;-28,54%
SHOW3;4;6;2;6,68;-15,90%;0,00%;-60,68%;0,00%;0,29;-11,57;0,35;0,89;1,37;16,82%;-21,12%;-50,66%
TRAD3;4;6;2;7,48;54,39%;0,00%;-45,90%;0,00%;7,2;-2,14;1,6;0,3;4,05;29,79%;-208,33%;-206,52%
VIVR3;4;6;2;0,84;0,00%;0,00%;-30,01%;0,00%;0,29;-1,16;0,22;-0,03;1,71;29,89%;-34,81%;-39,35%
VVEO3;4;6;2;1,16;30,99%;0,00%;-79,07%;0,00%;0,03;-4,58;0,2;-3,35;1,85;11,32%;-7,54%;-12,95%
ZAMP3;4;6;2;3,39;9,70%;0,00%;-9,48%;0,00%;0,29;-0,35;0,91;-474,51;1,14;64,73%;-0,03%;-3,07%
BRKM3;4,5;6;3;9,93;8,15%;0,00%;-219,00%;0,00%;0,1;-11,64;-1,87;-38,46;1,32;7,72%;-1,19%;-11,75%
BRKM5;4,5;6;3;9,16;8,15%;0,00%;-219,00%;0,00%;0,09;-11,64;-1,72;-38,46;1,32;7,72%;-1,19%;-11,75%
BRKM6;4,5;6;3;8,5;8,15%;0,00%;-219,00%;0,00%;0,09;-11,64;-1,6;-38,46;1,32;7,72%;-1,19%;-11,75%
CMSA3;4,5;6;3;0;0,00%;0,00%;-1369,84%;0,00%;0;0;0;0,07;38,28;0,00%;0,00%;0,00%
CMSA4;4,5;6;3;0;0,00%;0,00%;-1369,84%;0,00%;0;0;0;0,07;38,28;0,00%;0,00%;0,00%
CRPG3;4,5;6;3;18,5;-1,98%;0,00%;-28,29%;0,00%;0,81;-4,18;1,25;0,86;5,52;-0,01%;-6,81%;-18,41%
CRPG5;4,5;6;3;15,8;-1,98%;0,00%;-28,29%;0,00%;0,7;-4,18;1,07;0,86;5,52;-0,01%;-6,81%;-18,41%
CRPG6;4,5;6;3;18,99;-1,98%;0,00%;-28,29%;0,00%;0,84;-4,18;1,29;0,86;5,52;-0,01%;-6,81%;-18,41%
ECPR3;4,5;6;3;90,25;0,00%;0,00%;-12,28%;0,00%;0;-9,14;1,21;0,08;2,97;0,00%;0,00%;0,00%
ECPR4;4,5;6;3;90,74;0,00%;0,00%;-12,28%;0,00%;0;-9,14;1,22;0,08;2,97;0,00%;0,00%;0,00%
FHER3;4,5;6;3;4,34;7,66%;0,00%;-91,05%;0,00%;0,06;-8,11;-0,49;0,19;0,91;3,94%;-4,14%;-10,58%
FNCN3;4,5;6;3;14,25;18,40%;0,00%;-42,24%;0,00%;0,02;-312,46;0,02;0;1,43;-53,25%;-89,20%;-53,52%
GFSA3;4,5;6;3;18,04;20,38%;0,00%;-1,97%;0,00%;0,12;-5,84;0,06;-15,89;1,67;-5,60%;-8,60%;-3,98%
IDVL3;4,5;6;3;2,16;-32,17%;0,00%;-94,38%;0,00%;1,53;-2,18;0,93;0;1,26;-18,91%;-40,19%;-154,60%
IDVL4;4,5;6;3;2,67;-32,17%;0,00%;-94,38%;0,00%;1,89;-2,18;1,16;0;1,26;-18,91%;-40,19%;-154,60%
JFEN3;4,5;6;3;1,74;-0,91%;0,00%;-616,49%;0,00%;0,09;-19,61;-0,55;-1,39;1,76;-23,76%;-84,38%;-106,13%
OGXP3;4,5;6;3;1,63;0,00%;0,00%;-45,53%;0,00%;0;-0,76;-0,98;0;0,51;0,00%;0,00%;0,00%
RCSL3;4,5;6;3;2,14;1,25%;0,00%;-98,08%;0,00%;6,25;-0,6;-3,51;0;0,68;5,25%;-141,33%;-174,33%
RCSL4;4,5;6;3;1,05;1,25%;0,00%;-98,08%;0,00%;3,04;-0,6;-1,71;0;0,68;5,25%;-141,33%;-174,33%
RPAD3;4,5;6;3;4,3;0,00%;0,00%;-6,76%;1,87%;0;-0,83;0,35;0,63;16,74;0,00%;0,00%;0,00%
RPAD5;4,5;6;3;7,15;0,00%;0,00%;-6,76%;7,53%;0;-0,83;0,59;0,63;16,74;0,00%;0,00%;0,00%
RPAD6;4,5;6;3;4,04;0,00%;0,00%;-6,76%;0,00%;0;-0,83;0,33;0,63;16,74;0,00%;0,00%;0,00%
RPMG3;4,5;6;3;2,9;42,58%;0,00%;-19,39%;0,00%;0,03;-19,82;-0,03;0,03;0,78;-13,74%;-20,96%;-17,66%
SPRT3B;4,5;6;3;76,4;0,00%;0,00%;-859,26%;0,00%;0;-0,04;-17.249,28;0,15;0,57;0,00%;0,00%;0,00%
TCSA3;4,5;6;3;1,81;5,16%;0,00%;-35,79%;0,00%;0,31;-1,84;0,35;-4,85;1,08;-8,15%;-21,52%;-31,51%
CURY3;4,5;8;1;29,45;30,96%;35,15%;63,68%;5,02%;2;2,47;7,6;-0,28;2,26;38,82%;21,36%;16,77%
GETT11;4,5;8;1;10;0,00%;0,00%;16,41%;0,00%;5,57;0,32;5,16;0,99;1,03;41,43%;18,41%;17,71%
OMGE3;4,5;8;1;27,57;30,00%;90,67%;13508,17%;0,00%;1,47;3,42;1.090,26;0;1,88;32,09%;37,96%;18,16%
SHUL3;4,5;8;1;27,31;12,91%;22,36%;18,15%;0,84%;4,92;0,75;6,65;-0,16;3,1;26,23%;14,79%;13,43%
TFCO4;4,5;8;1;14,5;30,70%;40,02%;26,06%;1,27%;15,49;0,13;28,24;0,54;2,72;57,23%;20,42%;14,30%
TOTS3;4,5;8;1;41,92;18,01%;30,22%;16,37%;1,77%;4,61;1,31;5,23;-0,33;2,52;69,74%;17,31%;14,44%
WEGE3;4,5;8;1;42,14;23,27%;31,13%;29,42%;1,93%;4,43;1,49;8,33;-0,3;1,71;33,62%;20,06%;15,64%
ADHM3;5;7;3;1,56;0,00%;0,00%;-31,47%;0,00%;770,9;-0,38;-1,29;0;0;100,00%;-13548,48%;-18860,61%
AGXY3;5;7;3;6,1;24,29%;0,00%;-145,31%;0,00%;0,03;-172,09;-0,05;-0,63;0,33;-4,18%;-59,21%;-86,99%
AMOB3;5;7;3;11,04;0,00%;0,00%;0,00%;0,00%;0;0;0;0;0;0,00%;0,00%;0,00%
AZEV3;5;7;3;0,56;144,07%;0,00%;-36,63%;0,00%;2,16;-0,44;0,46;-0,54;0,44;2,51%;-159,37%;-171,21%
AZEV4;5;7;3;0,57;144,07%;0,00%;-36,63%;0,00%;2,2;-0,44;0,47;-0,54;0,44;2,51%;-159,37%;-171,21%
AZTE3;5;7;3;0,62;0,00%;0,00%;0,00%;0,00%;0;0;0;0;0;0,00%;0,00%;0,00%
BAHI3;5;7;3;4,51;46,22%;0,00%;-96,77%;0,00%;0,33;-2,76;1,58;-1,33;0,32;55,39%;-7,97%;-20,31%
BAZA3;5;7;3;72,47;25,91%;60,62%;18,05%;11,05%;0,82;20,8;0,63;0;0;11,04%;26,93%;23,45%
BDLL3;5;7;3;9;-2,75%;0,00%;-11,51%;0,00%;0,34;-16,8;-0,06;-11,22;0,46;19,03%;-36,02%;-63,99%
BDLL4;5;7;3;7,45;-2,75%;0,00%;-11,51%;0,00%;0,28;-16,8;-0,05;-11,22;0,46;19,03%;-36,02%;-63,99%
BEES3;5;7;3;8,57;17,11%;17,04%;20,68%;6,00%;0,59;1,5;1,18;0;0;32,29%;14,88%;10,23%
BEES4;5;7;3;8,55;17,11%;17,04%;20,68%;6,01%;0,58;1,5;1,18;0;0;32,29%;14,88%;10,23%
BFRE11;5;7;3;0;0,00%;6,26%;6,82%;0,00%;0;21.126,92;0;0;0;100,00%;195,96%;118,16%
BFRE12;5;7;3;0;0,00%;6,26%;6,82%;0,00%;0;21.126,92;0;0;0;100,00%;195,96%;118,16%
BIDI11;5;7;3;10,4;5,80%;0,00%;-0,45%;0,00%;12,42;-0,04;1,08;0;0;50,04%;-13,62%;-5,22%
BIDI3;5;7;3;3,4;5,80%;0,00%;-0,45%;0,00%;12,19;-0,01;1,06;0;0;50,04%;-13,62%;-5,22%
BIDI4;5;7;3;3,41;5,80%;0,00%;-0,45%;0,00%;12,22;-0,01;1,06;0;0;50,04%;-13,62%;-5,22%
BLUT3;5;7;3;5,14;0,00%;0,00%;-8,24%;0,00%;0;-0,91;0,46;-1,59;0;0,00%;0,00%;0,00%
BLUT4;5;7;3;1,52;0,00%;0,00%;-8,24%;0,00%;0;-0,91;0,14;-1,59;0;0,00%;0,00%;0,00%
BMEB3;5;7;3;33,39;21,54%;33,90%;25,07%;6,06%;0,55;4,55;1,84;0;0;48,47%;7,21%;7,52%
BMEB4;5;7;3;38,6;21,54%;33,90%;25,07%;5,77%;0,64;4,55;2,13;0;0;48,47%;7,21%;7,52%
BMGB4;5;7;3;3,73;20,01%;-5,85%;6,53%;10,35%;0,24;0,49;0,5;0;0;48,14%;2,02%;3,17%
BMIN3;5;7;3;20;19,32%;16,24%;6,22%;1,77%;2,3;1,81;0,69;0;0;40,16%;34,66%;20,87%
BMIN4;5;7;3;17,1;19,32%;16,24%;6,22%;8,19%;1,97;1,81;0,59;0;0;40,16%;34,66%;20,87%
BNBR3;5;7;3;92,06;10,88%;21,27%;16,50%;6,52%;1,12;19,28;0,79;0;0;44,35%;45,78%;23,39%
BPAC11;5;7;3;40,7;25,49%;24,61%;17,94%;1,11%;4,65;2,94;2,49;0;0;40,18%;40,87%;33,57%
BPAC3;5;7;3;22,88;25,49%;24,61%;17,94%;0,66%;7,84;0,98;4,19;0;0;40,18%;40,87%;33,57%
BPAC5;5;7;3;8,99;25,49%;24,61%;17,94%;1,67%;3,08;0,98;1,65;0;0;40,18%;40,87%;33,57%
BPAN4;5;7;3;7,39;10,77%;-6,88%;5,83%;3,26%;0,7;0,34;1,26;0;0,08;41,02%;1,14%;3,24%
BPAR3;5;7;3;117,42;13,10%;0,99%;15,79%;6,67%;0,33;34,02;0,55;0;0;59,98%;16,71%;9,62%
BPAT33;5;7;3;44,05;14,99%;-18,89%;9,46%;0,00%;0,39;6,31;0,66;0;0;51,56%;21,77%;5,61%
BPHA3;5;7;3;0,62;-68,85%;0,00%;-402,50%;0,00%;8,28;10,4;-0,24;0,85;0,06;98,02%;1029,99%;13896,67%
BSLI3;5;7;3;7,74;23,49%;-4,19%;8,80%;1,57%;0,42;0,64;1,06;0;0;42,36%;4,60%;3,49%
BSLI4;5;7;3;8,43;23,49%;-4,19%;8,80%;1,59%;0,46;0,64;1,16;0;0;42,36%;4,60%;3,49%
CCXC3;5;7;3;1,16;0,00%;0,00%;-10,66%;0,00%;0;-4,68;-0,03;0,05;0,01;0,00%;0,00%;0,00%
CTAX3;5;7;3;1,1;-15,50%;0,00%;-150,24%;0,00%;0,07;-6,04;0,27;-2,61;0,38;10,75%;-15,27%;-41,14%
CTNM3;5;7;3;7,13;-15,32%;0,00%;-87,41%;0,00%;0,34;-15,5;-0,4;-2,54;0,28;-7,79%;-78,50%;-74,73%
CTNM4;5;7;3;0,86;-15,32%;0,00%;-87,41%;0,00%;0,04;-15,5;-0,05;-2,54;0,28;-7,79%;-78,50%;-74,73%
CTSA3;5;7;3;2,75;-25,55%;0,00%;-56,53%;0,00%;0,19;-17,62;0,09;-2,29;0,49;-38,14%;-82,33%;-124,60%
CTSA4;5;7;3;2,58;-25,55%;0,00%;-56,53%;0,00%;0,18;-17,62;0,08;-2,29;0,49;-38,14%;-82,33%;-124,60%
CTSA8;5;7;3;0;-25,55%;0,00%;-56,53%;0,00%;0;-17,62;0;-2,29;0,49;-38,14%;-82,33%;-124,60%
DMMO3;5;7;3;1,76;51,46%;0,00%;13,29%;0,00%;0,12;0,57;0,41;0;0;45,67%;4,75%;3,87%
FBMC3;5;7;3;0;-18,14%;0,00%;-24,19%;0,00%;0;-21,16;0;-0,67;0,31;-60,76%;-92,67%;-101,97%
FBMC4;5;7;3;1,96;-18,14%;0,00%;-24,19%;0,00%;0,09;-21,16;-0,02;-0,67;0,31;-60,76%;-92,67%;-101,97%
FIGE3;5;7;3;11,94;8,36%;2,27%;7,25%;0,00%;1,51;4,99;0,17;0;0;100,00%;93,14%;63,30%
FIGE4;5;7;3;0;8,36%;2,27%;7,25%;0,00%;0;4,99;0;0;0;100,00%;93,14%;63,30%
FLEX3;5;7;3;0;-5,08%;0,00%;-81,00%;0,00%;0;-107,28;0;-0,43;0,11;19,49%;-100,31%;-141,80%
FRTA3;5;7;3;1,31;7,62%;0,00%;-7,17%;0,00%;0,36;-2,65;-0,04;-54,68;0,03;16,57%;-16,43%;-72,29%
FTRT3B;5;7;3;0;0,00%;0,00%;-0,95%;0,00%;0;0;0;0;0;0,00%;0,00%;0,00%
GEPA3;5;7;3;33,34;1,08%;27,75%;0,00%;21,04%;2,22;9,22;0;0;0;19,83%;30,15%;61,28%
GEPA4;5;7;3;35,5;1,08%;27,75%;0,00%;19,76%;2,36;9,22;0;0;0;19,83%;30,15%;61,28%
GOLL4;5;7;3;0,8;6,65%;0,00%;-30,63%;0,00%;365,83;0;-264,87;-42,81;0,25;28,65%;-2,34%;-42,30%
IGBR3;5;7;3;175,99;-7,98%;0,00%;-60,10%;0,00%;30,26;312,87;-0,34;0,56;0,33;100,00%;6032,01%;5379,32%
INEP3;5;7;3;2;-19,65%;0,00%;-16,06%;0,00%;20,67;-5,22;-0,06;-10,48;0,08;-48,00%;-2009,40%;-5286,12%
INEP4;5;7;3;1,61;-19,65%;0,00%;-16,06%;0,00%;16,72;-5,22;-0,05;-10,48;0,08;-48,00%;-2009,40%;-5286,12%
ITUB3;5;7;3;31,89;11,68%;9,03%;20,77%;8,51%;0,98;3,87;1,71;0;0;39,07%;13,67%;11,84%
ITUB4;5;7;3;35,49;11,68%;9,03%;20,77%;7,65%;1,08;3,87;1,9;0;0;39,07%;13,67%;11,84%
MAPT3;5;7;3;3,05;0,00%;0,00%;-3,50%;0,00%;0;-0,24;-0,44;0;0;0,00%;0,00%;0,00%
MAPT4;5;7;3;4,1;0,00%;0,00%;-3,50%;0,00%;0;-0,24;-0,59;0;0;0,00%;0,00%;0,00%
MERC3;5;7;3;14,8;-24,22%;1,71%;10,61%;0,00%;6,88;0,67;2,34;0;0;78,37%;50,16%;31,18%
MERC4;5;7;3;9,7;-24,22%;1,71%;10,61%;0,00%;4,51;0,67;1,53;0;0;78,37%;50,16%;31,18%
MMXM3;5;7;3;14;-6,95%;0,00%;-4,97%;0,00%;0;-6,46;-0,11;-538,27;0,01;0,00%;0,00%;0,00%
MNPR3;5;7;3;26,14;8,54%;0,00%;-4,83%;0,00%;0,51;2,04;-0,62;0;0,37;27,57%;14,21%;4,00%
MODL11;5;7;3;8,46;0,00%;0,00%;-6,10%;0,00%;1,5;-0,31;1,66;0;0;50,83%;-5,11%;-5,48%
MODL3;5;7;3;3,08;0,00%;0,00%;-6,10%;0,00%;1,63;-0,1;1,82;0;0;50,83%;-5,11%;-5,48%
MODL4;5;7;3;2,72;0,00%;0,00%;-6,10%;0,00%;1,44;-0,1;1,6;0;0;50,83%;-5,11%;-5,48%
MOSI3;5;7;3;8,24;0,00%;0,00%;6,38%;0,00%;0,07;3,79;0,14;0;0;0,00%;0,00%;3,42%
MTIG3;5;7;3;0;-17,44%;0,00%;-725,28%;0,00%;0;-0,46;0;-1,17;0,27;-16,12%;-64,07%;-113,09%
MTIG4;5;7;3;23;-17,44%;0,00%;-725,28%;0,00%;56;-0,46;-359,15;-1,17;0,27;-16,12%;-64,07%;-113,09%
NATU3;5;7;3;9,68;0,00%;0,00%;0,00%;0,00%;0;0;0;0;0;0,00%;0,00%;0,00%
NORD3;5;7;3;5,9;22,14%;0,00%;-2,10%;0,00%;16,14;-0,52;-0,24;-43,45;0,01;95,70%;-36,07%;-143,10%
OSXB3;5;7;3;2,52;39,92%;0,00%;-18,41%;0,00%;0,11;-504,56;0;-7,07;0,01;99,31%;-1412,27%;-2292,64%
PDGR3;5;7;3;0,24;-16,76%;0,00%;-13,80%;0,00%;0,05;-15,63;0;-1,61;0,32;9,10%;-82,43%;-337,39%
PINE3;5;7;3;5,96;25,71%;0,00%;9,69%;8,77%;0,43;0,48;1,2;0;0,16;19,73%;0,85%;3,44%
PINE4;5;7;3;5,72;25,71%;0,00%;9,69%;9,13%;0,41;0,48;1,16;0;0,16;19,73%;0,85%;3,44%
PLAS3;5;7;3;5,1;22,66%;0,00%;-23,89%;0,00%;0,06;-11,1;-0,11;-66,4;0,39;13,08%;-0,38%;-12,02%
PMAM3;5;7;3;1,7;-38,50%;0,00%;-30,37%;0,00%;0,26;-24,24;-0,02;-12,35;0,06;-31,37%;-80,91%;-376,62%
RSID3;5;7;3;2,08;-41,82%;0,00%;-28,42%;0,00%;0,5;13,63;-0,04;-1,34;0,45;28,74%;-311,91%;327,60%
SANB11;5;7;3;27,74;13,50%;-4,13%;11,14%;7,73%;0,73;3,59;0,86;0;0;40,55%;13,53%;9,40%
SANB3;5;7;3;13,25;13,50%;-4,13%;11,14%;7,72%;0,69;1,8;0,82;0;0;40,55%;13,53%;9,40%
SANB4;5;7;3;14,54;13,50%;-4,13%;11,14%;7,73%;0,76;1,8;0,9;0;0;40,55%;13,53%;9,40%
SEQL3;5;7;3;1,01;7,84%;0,00%;-118,36%;0,00%;0,07;-21,75;-0,06;-0,91;0,24;-3,27%;-140,15%;-142,29%
SGPS3;5;7;3;1,64;-12,92%;0,00%;-133,99%;0,00%;0,03;-97,07;-0,02;-2,36;0,25;-2,19%;-81,65%;-176,79%
SLED3;5;7;3;3,21;-45,03%;0,00%;-18,07%;0,00%;0,42;7,15;-0,08;0,65;0,12;47,85%;73,94%;92,71%
SLED4;5;7;3;1,6;-45,03%;0,00%;-18,07%;0,00%;0,21;7,15;-0,04;0,65;0,12;47,85%;73,94%;92,71%
TCNO3;5;7;3;1,2;0,00%;0,00%;-111,63%;0,00%;0;-0,16;-8,4;-28,98;0,28;0,00%;0,00%;0,00%
TCNO4;5;7;3;0,85;0,00%;0,00%;-111,63%;0,00%;0;-0,16;-5,95;-28,98;0,28;0,00%;0,00%;0,00%
TEKA3;5;7;3;42,5;14,82%;0,00%;-7,76%;0,00%;0,07;-339,62;-0,01;-42,29;0,05;24,58%;-4,48%;-52,80%
TEKA4;5;7;3;21,25;14,82%;0,00%;-7,76%;0,00%;0,03;-339,62;0;-42,29;0,05;24,58%;-4,48%;-52,80%
TOYB3;5;7;3;2,29;201,60%;0,00%;-0,07%;0,00%;4,81;-0,05;0,03;0;0;24,06%;-10,70%;-10,96%
TOYB4;5;7;3;2,5;201,60%;0,00%;-0,07%;0,00%;5,26;-0,05;0,03;0;0;24,06%;-10,70%;-10,96%
VTRU3;5;7;3;9,01;0,00%;0,00%;0,00%;0,27%;0;0;0;0;0;0,00%;0,00%;0,00%
PCAR4;5;8;2;72,11;-19,80%;0,00%;-69,32%;0,00%;1,86;-3,91;12,79;-8,58;0,98;27,63%;-1,47%;-10,10%
SEDU3;5;8;2;23,8;12,49%;0,00%;-112,29%;0,00%;3,44;-1,78;15;-6,05;1,09;48,36%;-15,73%;-25,77%
TOKY3;5;8;2;1,05;14,79%;0,00%;-39387,74%;0,00%;0,19;-1,04;396,84;-0,01;1,12;46,20%;-14,52%;-19,19%
SNSY3;5,5;6;5;11,6;15,69%;0,00%;-2,05%;0,00%;0,09;-5,38;-0,04;0,74;0,84;24,78%;29,50%;-4,31%
SNSY5;5,5;6;5;3,53;15,69%;0,00%;-2,05%;0,00%;0,03;-5,38;-0,01;0,74;0,84;24,78%;29,50%;-4,31%
SNSY6;5,5;6;5;11,51;15,69%;0,00%;-2,05%;0,00%;0,09;-5,38;-0,04;0,74;0,84;24,78%;29,50%;-4,31%
BBSE3;5,5;8;3;34,6;0,00%;5,36%;74,13%;10,73%;0;4,32;5,93;0;2,5;0,00%;0,00%;0,00%
HBSA3;5,5;8;3;3,58;7,59%;0,00%;-55,55%;0,00%;3,4;-0,39;5,13;-13,21;1,67;6,52%;-18,24%;-36,82%
ITEC3;5,5;8;3;40,1;-75,29%;0,00%;-62,76%;0,00%;2.611,73;-1,14;22,04;0,64;5,23;-121,18%;-18852,94%;-7435,88%
PPLA11;5,5;8;3;1,05;0,00%;0,00%;66622,22%;0,00%;0;2,13;328,38;0;1;0,00%;0,00%;0,00%
QVQP3B;5,5;8;3;0,28;0,00%;0,00%;-161,54%;0,00%;0;0;72.073,76;0,57;0;0,00%;0,00%;0,00%
CGRA3;5,5;10;1;29,3;8,68%;-4,37%;10,93%;10,87%;0,82;5,03;0,64;-2,74;2,52;52,20%;10,20%;14,07%
CGRA4;5,5;10;1;28,5;8,68%;-4,37%;10,93%;11,17%;0,8;5,03;0,62;-2,74;2,52;52,20%;10,20%;14,07%
WIZC3;5,5;10;1;7,61;13,02%;-4,57%;28,54%;3,29%;0,93;1,06;2,05;-0,06;1,04;62,29%;44,13%;12,96%
BBDC3;6;10;2;13,66;11,40%;-1,99%;11,15%;8,29%;0,66;1,8;0,85;0;11,09;32,69%;8,46%;8,62%
BBDC4;6;10;2;15,92;11,40%;-1,99%;11,15%;7,83%;0,76;1,8;0,99;0;11,09;32,69%;8,46%;8,62%
BRSR3;6;10;2;11,76;15,28%;-9,58%;7,26%;9,31%;0,27;1,88;0,46;0;1,33;32,32%;4,47%;4,36%
BRSR5;6;10;2;15,6;15,28%;-9,58%;7,26%;8,78%;0,36;1,88;0,6;0;1,33;32,32%;4,47%;4,36%
BRSR6;6;10;2;10,86;15,28%;-9,58%;7,26%;10,08%;0,25;1,88;0,42;0;1,33;32,32%;4,47%;4,36%
MDIA3;6;10;2;25,56;9,62%;0,13%;7,04%;2,15%;0,89;1,65;1,09;0,03;2,15;33,15%;7,23%;5,76%
UCAS3;6;10;2;1,39;8,69%;-25,16%;2,26%;13,06%;0,41;0,06;0,49;-12,49;1,3;35,73%;-2,08%;1,90%
WHRL3;6;10;2;4,14;10,80%;-12,80%;32,67%;17,35%;0,47;0,6;2,27;-1,8;1,07;18,11%;7,43%;6,80%
WHRL4;6;10;2;4,16;10,80%;-12,80%;32,67%;18,99%;0,47;0,6;2,28;-1,8;1,07;18,11%;7,43%;6,80%
AURA33;6,5;8;5;45,2;29,10%;0,00%;-66,27%;3,79%;2,8;-2,45;12,25;1,16;1,17;45,53%;38,00%;-15,14%
BOBR3;6,5;8;5;1;6,30%;0,76%;7721,50%;0,00%;0,17;0,28;275,96;1,23;0,97;41,02%;13,83%;4,73%
BOBR4;6,5;8;5;1,56;6,30%;0,76%;7721,50%;0,00%;0,26;0,28;430,5;1,23;0,97;41,02%;13,83%;4,73%
CEGR3;6,5;8;5;96,72;6,17%;20,65%;32,80%;0,00%;5,04;1,7;18,61;0,75;0,89;26,53%;16,36%;8,89%
PARD3;6,5;8;5;20,25;13,44%;2,56%;14,42%;0,00%;2,57;0,55;5,3;0,66;0,9;26,45%;13,31%;6,98%
AALR3;6,5;9;4;5,23;2,55%;0,00%;-6,53%;0,00%;0,63;-0,46;0,73;4,17;0,98;27,98%;10,49%;-5,65%
AESB3;6,5;9;4;8,12;0,00%;0,00%;-7,21%;0,00%;1,74;-0,5;1,17;10,02;0,67;26,76%;21,13%;-10,72%
AGRO3;6,5;9;4;20,66;13,78%;11,82%;14,27%;7,53%;1,57;3,02;0,98;3,15;1,58;39,38%;29,46%;22,84%
ALPK3;6,5;9;4;3,1;7,96%;0,00%;-1,33%;0,00%;0,41;-0,02;1,95;5,67;0,58;33,20%;13,58%;-0,28%
ALUP11;6,5;9;4;30;-2,71%;4,88%;13,26%;2,90%;2,34;3,43;1,16;2,97;2,15;71,15%;71,29%;26,72%
ALUP3;6,5;9;4;10,69;-2,71%;4,88%;13,26%;2,71%;2,5;1,14;1,24;2,97;2,15;71,15%;71,29%;26,72%
ALUP4;6,5;9;4;9,69;-2,71%;4,88%;13,26%;2,99%;2,27;1,14;1,12;2,97;2,15;71,15%;71,29%;26,72%
AMAR3;6,5;9;4;1,24;-13,55%;0,00%;-57,47%;0,00%;0,45;-0,32;2,23;9;0,6;50,10%;4,91%;-11,49%
AMBP3;6,5;9;4;147,41;67,64%;0,00%;-17,09%;0,00%;3,58;-1,35;18,72;5,11;2,88;19,32%;17,75%;-3,26%
ANIM3;6,5;9;4;3,83;26,33%;0,00%;4,91%;13,70%;0,4;0,29;0,65;4,53;2,06;61,77%;22,82%;3,02%
APER3;6,5;9;4;46,75;29,52%;0,00%;-6,15%;0,00%;2,68;-1,42;2,02;2,74;1,03;100,00%;6,60%;-8,16%
ARML3;6,5;9;4;4,17;95,79%;70,03%;10,31%;3,44%;0,79;0,38;1,14;3,63;2,42;38,06%;26,49%;7,16%
ASAI3;6,5;9;4;10,02;0,00%;0,00%;9,13%;1,07%;0,19;0,34;2,71;3,51;0,86;16,44%;4,97%;0,63%
AURE3;6,5;9;4;8,86;0,00%;0,00%;0,04%;0,65%;0,96;0,01;0,7;11,21;1,45;20,53%;18,55%;0,06%
AVLL3;6,5;9;4;1,68;32,82%;0,00%;-13,47%;0,00%;0,47;-0,06;-3,77;2,81;0,86;38,44%;22,28%;-1,69%
AZUL4;6,5;9;4;0,74;11,28%;0,00%;-41,81%;0,00%;0,11;3,93;-0,08;8,13;0,35;30,81%;20,11%;58,76%
AZZA3;6,5;9;4;36,15;37,92%;18,97%;4,95%;1,59%;0,75;1,87;0,96;3,87;1,55;53,73%;5,52%;3,86%
BBML3;6,5;9;4;3.936,42;25,94%;0,00%;-276,88%;0,00%;102,6;-1,54;-7.089,59;20,26;0,65;5,41%;1,44%;-4,01%
BEEF3;6,5;9;4;5,33;14,75%;0,00%;-184,64%;0,00%;0,14;-1,21;-8,15;5,83;1,48;20,09%;7,02%;-3,16%
BRAV3;6,5;9;4;18,48;206,24%;0,00%;1,39%;0,00%;0,9;0,33;0,77;5,01;1,4;27,19%;27,69%;1,62%
BRGE11;6,5;9;4;13,18;-32,83%;-11,18%;1,56%;0,00%;273,04;0,4;0,52;56,17;3,06;-4115,33%;-798,17%;824,67%
BRGE12;6,5;9;4;13,47;-32,83%;-11,18%;1,56%;0,00%;279,05;0,4;0,53;56,17;3,06;-4115,33%;-798,17%;824,67%
BRGE3;6,5;9;4;13,5;-32,83%;-11,18%;1,56%;0,00%;279,67;0,4;0,53;56,17;3,06;-4115,33%;-798,17%;824,67%
BRGE5;6,5;9;4;13,18;-32,83%;-11,18%;1,56%;0,00%;273,04;0,4;0,52;56,17;3,06;-4115,33%;-798,17%;824,67%
BRGE6;6,5;9;4;12,92;-32,83%;-11,18%;1,56%;0,00%;267,65;0,4;0,51;56,17;3,06;-4115,33%;-798,17%;824,67%
BRGE7;6,5;9;4;13,07;-32,83%;-11,18%;1,56%;0,00%;270,76;0,4;0,51;56,17;3,06;-4115,33%;-798,17%;824,67%
BRGE8;6,5;9;4;13,17;-32,83%;-11,18%;1,56%;0,00%;272,83;0,4;0,52;56,17;3,06;-4115,33%;-798,17%;824,67%
BRML3;6,5;9;4;8,26;4,55%;-12,50%;5,42%;0,00%;4,28;0,78;0,57;2,09;2,06;88,85%;65,38%;40,46%
BRST3;6,5;9;4;2,63;41,71%;35,66%;7,44%;1,55%;0,85;0,26;0,75;5,03;1,54;42,40%;14,96%;8,46%
BSEV3;6,5;9;4;9;10,88%;0,00%;-106,05%;0,00%;0,57;0,88;-10,84;2,3;0,39;26,77%;17,92%;5,55%
BTTL4;6,5;9;4;11.091,73;-44,69%;-9,91%;10,50%;0,00%;23.373,43;0,39;3.016,37;3,81;13,71;13,93%;-53,45%;81,38%
CALI3;6,5;9;4;25;79,12%;0,00%;9,93%;1,08%;1,82;2,4;1,03;2,28;4,15;24,50%;27,21%;17,48%
CALI4;6,5;9;4;50;79,12%;0,00%;9,93%;0,00%;3,64;2,4;2,07;2,28;4,15;24,50%;27,21%;17,48%
CAML3;6,5;9;4;5,24;17,84%;3,60%;8,27%;4,91%;0,15;0,82;0,53;4,83;1,64;15,02%;4,99%;2,31%
CASH3;6,5;9;4;7,23;34,97%;0,00%;-5,07%;0,00%;2,13;-0,16;2,31;13,66;3,35;-4,41%;-4,41%;-4,66%
CASN3;6,5;9;4;8,77;8,52%;0,00%;13,98%;0,49%;5,05;0,27;4,61;3,11;0,92;51,64%;31,02%;15,29%
CASN4;6,5;9;4;6,07;8,52%;0,00%;13,98%;0,78%;3,49;0,27;3,19;3,11;0,92;51,64%;31,02%;15,29%
CATA3;6,5;9;4;103,61;12,29%;26,21%;11,69%;25,55%;0,05;160,66;0,08;2,17;1,87;29,30%;10,48%;7,30%
CATA4;6,5;9;4;0;12,29%;26,21%;11,69%;0,00%;0;160,66;0;2,17;1,87;29,30%;10,48%;7,30%
CBAV3;6,5;9;4;4,66;9,20%;0,00%;4,22%;0,00%;0,34;0,28;0,71;3,15;1,77;13,69%;11,48%;2,05%
CBEE3;6,5;9;4;10,01;7,38%;-40,15%;0,23%;0,00%;0,44;0,03;0,66;6,64;0,52;18,25%;10,71%;0,15%
CEDO3;6,5;9;4;25,25;8,89%;0,00%;31,82%;0,00%;0,24;9,98;0,81;2,47;1,19;28,99%;15,04%;9,64%
CEDO4;6,5;9;4;16,55;8,89%;0,00%;31,82%;0,00%;0,16;9,98;0,53;2,47;1,19;28,99%;15,04%;9,64%
CEEB3;6,5;9;4;36,4;10,41%;21,16%;23,96%;3,07%;0,6;6,36;1,37;3,45;0,76;30,90%;24,73%;10,51%
CEEB5;6,5;9;4;37,43;10,41%;21,16%;23,96%;2,99%;0,62;6,36;1,41;3,45;0,76;30,90%;24,73%;10,51%
CEEB6;6,5;9;4;60,68;10,41%;21,16%;23,96%;2,03%;1;6,36;2,29;3,45;0,76;30,90%;24,73%;10,51%
CEED3;6,5;9;4;7,55;7,53%;0,00%;-8,68%;0,00%;0,1;-4,68;-0,14;9,3;0,92;20,11%;8,49%;-5,91%
CEED4;6,5;9;4;20;7,53%;0,00%;-8,68%;0,00%;0,25;-4,68;-0,37;9,3;0,92;20,11%;8,49%;-5,91%
CEPE3;6,5;9;4;125,26;8,57%;-12,32%;3,63%;0,00%;1,16;0,78;5,85;7,51;0,91;21,05%;13,25%;0,72%
CEPE5;6,5;9;4;40,12;8,57%;-12,32%;3,63%;0,00%;0,37;0,78;1,87;7,51;0,91;21,05%;13,25%;0,72%
CEPE6;6,5;9;4;43;8,57%;-12,32%;3,63%;0,00%;0,4;0,78;2,01;7,51;0,91;21,05%;13,25%;0,72%
CGAS3;6,5;9;4;122,04;17,25%;2,84%;109,63%;8,76%;1,12;11,63;11,51;2,24;1,11;22,01%;20,59%;10,64%
CGAS5;6,5;9;4;130;17,25%;2,84%;109,63%;8,40%;1,19;11,63;12,26;2,24;1,11;22,01%;20,59%;10,64%
CIEL3;6,5;9;4;5,83;-1,94%;-2,97%;13,80%;0,00%;1,53;0,49;1,64;2,96;1,07;41,48%;19,61%;12,89%
CLSA3;6,5;9;4;10,49;17,88%;0,00%;-12,52%;0,00%;4,14;-0,43;3,06;2,22;2,19;33,36%;-32,02%;-16,96%
CLSC3;6,5;9;4;95,99;5,86%;21,03%;19,06%;6,72%;0,34;19,09;0,96;2,65;1,28;17,23%;11,83%;6,67%
CLSC4;6,5;9;4;103,12;5,86%;21,03%;19,06%;7,43%;0,36;19,09;1,03;2,65;1,28;17,23%;11,83%;6,67%
CNSY3;6,5;9;4;30,22;2,97%;0,00%;-27,56%;0,00%;6,65;-0,35;-23,75;16,08;0,41;18,72%;7,08%;-7,71%
COCE3;6,5;9;4;26;11,07%;-4,04%;5,88%;0,00%;0,25;3,81;0,4;4,41;0,55;19,73%;14,66%;3,66%
COCE5;6,5;9;4;27,25;11,07%;-4,04%;5,88%;0,00%;0,26;3,81;0,42;4,41;0,55;19,73%;14,66%;3,66%
COCE6;6,5;9;4;12,83;11,07%;-4,04%;5,88%;0,00%;0,12;3,81;0,2;4,41;0,55;19,73%;14,66%;3,66%
COGN3;6,5;9;4;2,71;-1,88%;33,12%;7,90%;2,46%;0,78;0,52;0,41;3,83;1,38;67,94%;21,89%;15,13%
CPFE3;6,5;9;4;38,13;7,33%;14,56%;23,97%;7,33%;1,02;4,63;1,97;2,25;0,99;31,69%;25,03%;12,37%
CPLE3;6,5;9;4;11,05;6,88%;8,15%;11,20%;6,71%;1,43;0,99;1,26;2,89;1,48;22,10%;19,07%;12,73%
CPLE5;6,5;9;4;12,93;6,88%;8,15%;11,20%;6,31%;1,67;0,99;1,47;2,89;1,48;22,10%;19,07%;12,73%
CPLE6;6,5;9;4;11,84;6,88%;8,15%;11,20%;6,88%;1,53;0,99;1,35;2,89;1,48;22,10%;19,07%;12,73%
CREM3;6,5;9;4;14,5;1,09%;0,00%;7,50%;0,00%;0,69;0,44;2,45;3,84;1,29;30,30%;7,39%;2,10%
CRFB3;6,5;9;4;8,48;14,00%;13,87%;9,21%;1,13%;0,15;0,92;0,85;4,49;1;18,15%;3,72%;1,65%
CSAN3;6,5;9;4;6,24;26,51%;0,00%;-139,63%;0,00%;0,27;-5,9;1,47;20,98;2,13;31,23%;5,69%;-25,18%
CSMG3;6,5;9;4;25,95;8,84%;13,06%;16,80%;6,42%;1,22;3,67;1,19;2,54;1,22;43,05%;25,74%;17,26%
CSNA3;6,5;9;4;7,91;11,42%;0,00%;-20,03%;6,95%;0,23;-1,98;0,8;7,11;1,64;26,82%;10,19%;-5,84%
CSRN3;6,5;9;4;13,6;8,58%;17,88%;36,33%;9,67%;0,62;3,29;1,5;2,7;1,55;31,38%;26,21%;14,89%
CSRN5;6,5;9;4;15,1;8,58%;17,88%;36,33%;9,58%;0,68;3,29;1,67;2,7;1,55;31,38%;26,21%;14,89%
CSRN6;6,5;9;4;15,5;8,58%;17,88%;36,33%;9,33%;0,7;3,29;1,71;2,7;1,55;31,38%;26,21%;14,89%
CTKA3;6,5;9;4;34,18;15,69%;0,00%;647,44%;0,00%;0,3;19,36;11,43;3,78;1,87;46,54%;13,80%;16,86%
CTKA4;6,5;9;4;33;15,69%;0,00%;647,44%;0,00%;0,29;19,36;11,04;3,78;1,87;46,54%;13,80%;16,86%
CVCB3;6,5;9;4;2,47;-4,20%;0,00%;-14,72%;0,00%;0,9;-0,15;2,5;1,59;0,88;94,00%;7,14%;-5,29%
DASA3;6,5;9;4;1,26;28,55%;0,00%;-14,55%;0,00%;0,1;-0,91;0,2;7,78;1,92;27,64%;7,53%;-7,38%
DESK3;6,5;9;4;8,64;0,00%;0,00%;6,59%;0,43%;0,86;0,78;0,73;2,92;1,37;62,22%;31,24%;7,82%
DOTZ3;6,5;9;4;4,81;3,90%;0,00%;-2,94%;0,00%;0,4;-0,55;-0,26;6,71;0,23;81,90%;2,98%;-4,48%
DXCO3;6,5;9;4;5,15;10,44%;-8,66%;3,75%;1,05%;0,51;0,31;0,61;5,1;1,37;28,62%;12,03%;3,14%
ECOR3;6,5;9;4;7,05;20,09%;0,00%;22,93%;0,00%;0,48;1,18;1,38;5,3;0,9;39,22%;35,46%;8,06%
EEEL3;6,5;9;4;294,77;13,69%;8,82%;19,76%;0,00%;1,23;62,24;0,94;2,81;1,28;55,65%;49,33%;26,05%
EEEL4;6,5;9;4;410;13,69%;8,82%;19,76%;0,00%;1,72;62,24;1,3;2,81;1,28;55,65%;49,33%;26,05%
EGIE3;6,5;9;4;41,69;2,73%;7,81%;27,84%;5,58%;2,92;4,12;2,81;3,13;1,27;53,62%;55,80%;28,94%
EKTR3;6,5;9;4;37;6,85%;19,48%;49,00%;12,07%;0,78;5,21;3,48;2,86;1,05;28,93%;23,82%;10,92%
EKTR4;6,5;9;4;46,55;6,85%;19,48%;49,00%;10,56%;0,98;5,21;4,38;2,86;1,05;28,93%;23,82%;10,92%
ELEK3;6,5;9;4;19,11;1,48%;0,00%;10,87%;0,00%;0,62;0,78;2,66;5,75;1,94;11,39%;2,82%;2,53%
ELEK4;6,5;9;4;36,99;1,48%;0,00%;10,87%;0,00%;1,2;0,78;5,15;5,75;1,94;11,39%;2,82%;2,53%
ELET3;6,5;9;4;38,96;7,70%;-1,94%;7,98%;4,52%;2,15;4,2;0,74;1,84;2,29;44,48%;52,13%;23,16%
ELET5;6,5;9;4;82,5;7,70%;-1,94%;7,98%;2,95%;4,55;4,2;1,57;1,84;2,29;44,48%;52,13%;23,16%
ELET6;6,5;9;4;42,53;7,70%;-1,94%;7,98%;4,55%;2,34;4,2;0,81;1,84;2,29;44,48%;52,13%;23,16%
ELMD3;6,5;9;4;31;32,00%;51,88%;11,40%;0,64%;3,55;0,78;4,53;2,6;1,76;49,42%;24,62%;8,95%
ELPL3;6,5;9;4;8,31;5,85%;0,00%;21,65%;0,00%;0,12;3,94;0,46;2,2;0,69;22,23%;16,34%;5,89%
ENBR3;6,5;9;4;24,08;2,76%;8,96%;17,02%;5,18%;0,77;3,54;1,16;2,34;1,44;26,81%;22,09%;11,38%
ENEV3;6,5;9;4;13,75;29,41%;-4,10%;2,55%;0,00%;1,93;0,25;1,39;5,91;1,53;31,26%;17,71%;3,53%
ENGI11;6,5;9;4;45,29;11,12%;51,74%;20,36%;6,40%;0,61;8;1,15;4,73;1,38;24,92%;17,38%;10,73%
ENGI3;6,5;9;4;10,6;11,12%;51,74%;20,36%;5,47%;0,71;1,6;1,35;4,73;1,38;24,92%;17,38%;10,73%
ENGI4;6,5;9;4;8,73;11,12%;51,74%;20,36%;4,35%;0,59;1,6;1,11;4,73;1,38;24,92%;17,38%;10,73%
ENJU3;6,5;9;4;1,05;37,65%;0,00%;-6,64%;0,00%;0,84;-0,1;0,71;6,71;3,2;56,63%;-11,09%;-7,88%
ENMA3B;6,5;9;4;50,49;8,35%;-0,41%;16,33%;0,00%;1,37;4,01;2,06;2,71;1,05;28,95%;17,73%;10,91%
ENMA6B;6,5;9;4;83,99;8,35%;-0,41%;16,33%;0,00%;2,28;4,01;3,42;2,71;1,05;28,95%;17,73%;10,91%
ENMT3;6,5;9;4;65,9;11,58%;20,69%;27,55%;4,21%;1,82;4,99;3,64;2,74;1,04;29,41%;23,16%;13,82%
ENMT4;6,5;9;4;64,99;11,58%;20,69%;27,55%;4,27%;1,8;4,99;3,59;2,74;1,04;29,41%;23,16%;13,82%
EPAR3;6,5;9;4;4,84;-44,69%;-9,91%;10,50%;37,96%;10,2;0,39;1,32;3,81;13,71;13,93%;-53,45%;81,38%
EQTL3;6,5;9;4;34,1;19,27%;5,04%;11,53%;2,31%;0,91;2,46;1,6;4,86;1,24;28,40%;19,18%;6,55%
ESPA3;6,5;9;4;1,22;9,72%;-29,80%;1,00%;0,11%;0,42;0,02;0,5;4,25;1,48;32,88%;14,50%;0,84%
ESTR3;6,5;9;4;5;6,61%;0,00%;-4,63%;0,00%;0,25;-3,28;-0,07;429,66;0,14;41,90%;0,15%;-16,17%
ESTR4;6,5;9;4;3,5;6,61%;0,00%;-4,63%;0,00%;0,17;-3,28;-0,05;429,66;0,14;41,90%;0,15%;-16,17%
ETER3;6,5;9;4;3,84;18,91%;0,00%;3,49%;3,27%;0,2;0,45;0,3;5,06;1,72;19,90%;1,87%;2,36%
EVEN3;6,5;9;4;7,25;2,43%;-23,57%;1,65%;5,51%;0,79;0,16;0,77;3,05;4,38;26,88%;4,37%;1,68%
FLRY3;6,5;9;4;12,72;21,48%;14,98%;12,01%;8,00%;0,89;1,15;1,33;2,52;2,29;27,58%;15,44%;8,05%
FRAS3;6,5;9;4;24,05;23,77%;54,79%;15,38%;3,56%;1,52;1,17;3,17;3,39;2,19;33,57%;13,35%;7,36%
FRIO3;6,5;9;4;205;8,13%;0,00%;-6,84%;0,00%;0,56;-3,57;3,93;4,43;1,23;16,65%;6,99%;-0,98%
G2DI33;6,5;9;4;1,59;0,00%;0,00%;-0,95%;0,00%;13,41;-0,06;0,24;6,9;2,16;100,00%;-1,84%;-53,49%
GBIO33;6,5;9;4;10,4;12,83%;0,00%;-8,83%;0,00%;1,52;-0,69;1,32;7,48;1,31;43,48%;3,79%;-10,14%
GNDI3;6,5;9;4;66,95;29,03%;0,00%;-0,16%;0,00%;3,42;-0,02;5,84;4,9;1,17;18,55%;3,28%;-0,10%
GPAR3;6,5;9;4;22,9;-31,17%;-12,06%;4,16%;0,00%;56,46;0,41;2,31;69,19;29,82;53,15%;-10,38%;101,73%
GRAO3;6,5;9;4;0;41,49%;72,95%;20,44%;0,00%;0;0,34;0;2,47;0,91;4,65%;3,97%;1,01%
HAGA3;6,5;9;4;1,91;4,63%;-4,58%;-3,90%;0,00%;0,75;0,17;-0,45;240,67;2,43;24,83%;-0,38%;6,53%
HAGA4;6,5;9;4;1,16;4,63%;-4,58%;-3,90%;0,00%;0,45;0,17;-0,27;240,67;2,43;24,83%;-0,38%;6,53%
HAPV3;6,5;9;4;33,11;38,69%;0,00%;-1,08%;0,00%;0,57;-1,05;0,34;4,02;2,1;12,35%;3,14%;-1,82%
HBOR3;6,5;9;4;2,39;-0,32%;0,00%;3,91%;4,25%;0,25;0,43;0,22;6,58;1,61;33,62%;17,84%;4,48%
HBRE3;6,5;9;4;3,07;19,12%;-28,81%;1,74%;0,00%;1,85;0,34;0,16;5,11;1,57;75,60%;162,66%;20,75%
HBTS3;6,5;9;4;0;0,00%;0,00%;3,17%;0,00%;0;2,25;0;21,72;1,37;51,42%;15,30%;29,66%
HBTS5;6,5;9;4;30;0,00%;0,00%;3,17%;0,00%;3,95;2,25;0,42;21,72;1,37;51,42%;15,30%;29,66%
HBTS6;6,5;9;4;0;0,00%;0,00%;3,17%;0,00%;0;2,25;0;21,72;1,37;51,42%;15,30%;29,66%
HETA3;6,5;9;4;96;20,28%;-19,44%;-0,13%;0,00%;12,68;0,89;-0,14;96,17;0,75;100,00%;87,41%;11,81%
HETA4;6,5;9;4;5,5;20,28%;-19,44%;-0,13%;0,00%;0,73;0,89;-0,01;96,17;0,75;100,00%;87,41%;11,81%
HYPE3;6,5;9;4;26,92;17,70%;-7,02%;6,89%;4,36%;2,54;1,28;1,45;7,45;1,26;56,39%;15,15%;12,08%
IGSN3;6,5;9;4;0;23,90%;0,00%;-9,67%;0,00%;0;-0,67;0;15,1;1,04;35,60%;24,81%;-13,88%
IGTI11;6,5;9;4;22,05;10,36%;27,06%;9,66%;3,06%;7;1,06;2,01;2,37;4,9;69,32%;61,18%;33,60%
IGTI3;6,5;9;4;2,61;10,36%;27,06%;9,66%;3,70%;2,48;0,35;0,71;2,37;4,9;69,32%;61,18%;33,60%
IGTI4;6,5;9;4;10;10,36%;27,06%;9,66%;2,89%;9,51;0,35;2,74;2,37;4,9;69,32%;61,18%;33,60%
INNT3;6,5;9;4;0;10,46%;6,43%;27,56%;0,00%;0;0,73;0;4,16;1,07;29,86%;16,60%;13,11%
ISAE3;6,5;9;4;31,2;19,24%;15,15%;17,48%;7,57%;2,45;5,42;1,01;2,2;3,77;46,33%;63,15%;42,48%
ISAE4;6,5;9;4;22,56;19,24%;15,15%;17,48%;10,47%;1,77;5,42;0,73;2,2;3,77;46,33%;63,15%;42,48%
JALL3;6,5;9;4;3,71;21,27%;0,00%;-2,79%;1,82%;0,48;-0,18;0,56;7,01;2,19;27,33%;20,18%;-2,39%
JBSS3;6,5;9;4;74,54;15,31%;12,41%;25,15%;8,05%;0,15;12,55;1,49;3,33;1,62;15,03%;5,75%;2,46%
JHSF3;6,5;9;4;5,13;20,35%;27,06%;18,55%;7,25%;2,03;1,57;0,61;2,09;2,1;58,77%;90,78%;62,12%
JOPA3;6,5;9;4;22;12,67%;13,40%;3,33%;2,88%;0,11;1,89;0,39;5,16;1,82;21,67%;4,80%;0,92%
JOPA4;6,5;9;4;24;12,67%;13,40%;3,33%;2,90%;0,12;1,89;0,42;5,16;1,82;21,67%;4,80%;0,92%
JSLG3;6,5;9;4;5,45;23,90%;-1,86%;11,48%;7,72%;0,17;0,72;0,87;5,21;1,62;16,70%;13,24%;2,21%
KLBN11;6,5;9;4;19,16;13,85%;21,73%;20,94%;6,15%;1,17;1,46;2,73;6,72;1,96;36,72%;22,03%;9,00%
KLBN3;6,5;9;4;3,91;13,85%;21,73%;20,94%;6,03%;1,2;0,29;2,79;6,72;1,96;36,72%;22,03%;9,00%
KLBN4;6,5;9;4;3,8;13,85%;21,73%;20,94%;6,20%;1,16;0,29;2,71;6,72;1,96;36,72%;22,03%;9,00%
KRSA3;6,5;9;4;8,87;38,69%;0,00%;-34,27%;0,00%;0,3;-3,18;0,96;11,33;1,84;19,15%;11,05%;-10,86%
LAME3;6,5;9;4;6,6;3,50%;18,61%;9,02%;0,00%;0,48;0,31;1,91;5,87;1,72;32,90%;4,35%;2,27%
LAME4;6,5;9;4;6,57;3,50%;18,61%;9,02%;0,00%;0,48;0,31;1,9;5,87;1,72;32,90%;4,35%;2,27%
LAND3;6,5;9;4;9,95;13,88%;-9,14%;1,46%;0,74%;12,81;0,11;1,3;4,12;0,8;93,70%;31,99%;14,35%
LIGT3;6,5;9;4;6,04;2,13%;12,76%;42,92%;0,00%;0,15;6,5;0,4;3,87;1,44;19,59%;10,79%;15,82%
LINX3;6,5;9;4;37,4;14,30%;0,00%;-4,81%;0,00%;7,88;-0,41;4,38;5,18;2,14;68,70%;-4,79%;-8,67%
LJQQ3;6,5;9;4;2,39;14,68%;0,00%;-15,83%;4,34%;0,18;-0,41;0,92;3,62;1,54;34,32%;1,70%;-3,09%
LOGG3;6,5;9;4;20,19;11,41%;32,94%;10,20%;9,67%;8,03;4,26;0,48;3,59;1,18;97,66%;241,43%;169,30%
LOGN3;6,5;9;4;26,97;21,58%;45,20%;7,10%;0,00%;1,01;0,67;2,86;3,68;1,11;15,78%;12,74%;2,51%
LUPA3;6,5;9;4;1,17;30,38%;0,00%;-29,49%;0,00%;0,48;-0,82;0,42;11,11;1,13;19,90%;15,07%;-33,56%
MEAL3;6,5;9;4;1,28;6,77%;0,00%;-8,81%;0,00%;0,17;-0,3;0,37;9,68;0,66;33,38%;1,83%;-3,92%
MGEL3;6,5;9;4;74,1;11,25%;0,00%;-268,83%;0,00%;0,44;-4,33;45,99;10,26;1,56;12,07%;5,68%;-2,59%
MGEL4;6,5;9;4;3,98;11,25%;0,00%;-268,83%;0,00%;0,02;-4,33;2,47;10,26;1,56;12,07%;5,68%;-2,59%
MGLU3;6,5;9;4;8,14;13,85%;-14,00%;3,82%;3,75%;0,16;0,59;0,53;1,74;1,2;30,75%;4,29%;1,14%
MILS3;6,5;9;4;11,27;29,09%;0,00%;19,17%;4,46%;1,61;1,22;1,77;2,2;2,17;62,94%;32,97%;17,44%
MLAS3;6,5;9;4;1,04;12,16%;0,00%;-6,35%;0,00%;0,25;-0,23;0,29;15,25;2,11;23,46%;0,41%;-5,48%
MNDL3;6,5;9;4;19,85;14,83%;0,00%;1,62%;0,00%;0,2;0,26;1,23;3,8;0,81;37,67%;12,68%;0,26%
MOAR3;6,5;9;4;132,31;0,00%;0,00%;-8,19%;37,94%;0;-6,62;1,64;2,26;6,12;0,00%;0,00%;0,00%
MOTV3;6,5;9;4;13,01;15,52%;0,20%;10,23%;2,39%;1,21;0,72;1,85;5,27;1,81;35,79%;27,17%;6,70%
MOVI3;6,5;9;4;6,33;28,58%;2,79%;10,02%;2,82%;0,16;0,75;0,84;6,11;0,87;30,15%;19,78%;1,86%
MRFG3;6,5;9;4;23,14;25,01%;66,86%;100,15%;12,23%;0,13;3,29;7,04;6,84;1,22;13,08%;4,04%;1,80%
MRSA3B;6,5;9;4;26,5;17,02%;22,39%;17,84%;3,59%;1,27;4,09;1,16;1,86;1,67;42,81%;35,08%;19,59%
MRSA5B;6,5;9;4;25;17,02%;22,39%;17,84%;4,19%;1,2;4,09;1,09;1,86;1,67;42,81%;35,08%;19,59%
MRSA6B;6,5;9;4;25;17,02%;22,39%;17,84%;4,19%;1,2;4,09;1,09;1,86;1,67;42,81%;35,08%;19,59%
MRVE3;6,5;9;4;5,91;8,27%;0,00%;-11,55%;0,00%;0,35;-1,23;0,55;25,84;1,47;27,02%;3,64%;-7,38%
MSPA3;6,5;9;4;47;6,03%;0,00%;0,00%;0,00%;1,81;-0,01;0,36;5,08;0,76;36,17%;17,51%;-0,02%
MSPA4;6,5;9;4;36,3;6,03%;0,00%;0,00%;0,00%;1,4;-0,01;0,28;5,08;0,76;36,17%;17,51%;-0,02%
MSRO3;6,5;9;4;702,5;22,78%;0,00%;-9,58%;0,00%;142,34;-0,25;272,5;9,15;0,65;30,87%;13,79%;-5,00%
MTRE3;6,5;9;4;3,96;30,48%;13,19%;5,95%;13,10%;0,36;0,56;0,42;4,88;2,45;24,83%;8,32%;5,06%
MULT3;6,5;9;4;25,98;14,28%;22,66%;22,76%;4,29%;5,23;2,55;2,32;2,47;1,41;82,84%;67,34%;51,35%
MYPK3;6,5;9;4;13,69;8,89%;-7,76%;5,23%;4,26%;0,13;1,47;0,49;3,75;1,61;12,00%;6,62%;1,44%
NEMO3;6,5;9;4;0;12,75%;0,00%;-2,55%;0,00%;0;-0,42;0;4,84;2,62;40,54%;31,09%;-0,59%
NEMO4;6,5;9;4;0;12,75%;0,00%;-2,55%;0,00%;0;-0,42;0;4,84;2,62;40,54%;31,09%;-0,59%
NEMO5;6,5;9;4;52,97;12,75%;0,00%;-2,55%;0,00%;0,74;-0,42;3,2;4,84;2,62;40,54%;31,09%;-0,59%
NEMO6;6,5;9;4;0;12,75%;0,00%;-2,55%;0,00%;0;-0,42;0;4,84;2,62;40,54%;31,09%;-0,59%
NEOE3;6,5;9;4;23,79;11,47%;9,50%;10,38%;3,48%;0,58;2,89;0,85;4,55;1,13;26,86%;19,89%;7,07%
NGRD3;6,5;9;4;26,49;5,77%;0,00%;-6,96%;0,00%;0,88;-3,41;0,54;2,93;2,54;58,70%;-14,88%;-11,31%
NRTQ3;6,5;9;4;0;3,58%;-28,96%;1,74%;0,00%;0;0,35;0;7,3;4,43;23,81%;5,18%;1,95%
NTCO3;6,5;9;4;11,05;10,77%;0,00%;-53,96%;0,00%;0,62;-5,93;1,01;2,88;1,53;65,54%;4,10%;-33,03%
ODER3;6,5;9;4;0;11,90%;14,83%;7,50%;0,00%;0;3,66;0;4,6;3,33;28,70%;8,15%;5,61%
ODER4;6,5;9;4;97,78;11,90%;14,83%;7,50%;0,36%;1,5;3,66;2;4,6;3,33;28,70%;8,15%;5,61%
OPCT3;6,5;9;4;6,63;31,17%;0,00%;-2,44%;0,00%;0,78;-0,12;1,4;4,96;1,67;25,47%;14,40%;-1,37%
ORVR3;6,5;9;4;49,72;21,01%;58,46%;3,76%;0,00%;5,13;0,3;6,21;5,8;1,93;44,69%;28,02%;3,10%
PDTC3;6,5;9;4;1,04;0,00%;21,61%;11,74%;0,00%;5,81;0,18;0,67;13,65;2,4;70,64%;101,94%;101,73%
PETR3;6,5;9;4;34,33;10,18%;3,69%;12,16%;16,35%;0,89;3,73;1,12;2,4;0,72;49,67%;27,45%;9,70%
PETR4;6,5;9;4;31,63;10,18%;3,69%;12,16%;17,77%;0,82;3,73;1,03;2,4;0,72;49,67%;27,45%;9,70%
PETZ3;6,5;9;4;3,93;27,50%;0,00%;-2,45%;7,37%;0,53;-0,09;1,09;1,68;1,68;46,91%;1,66%;-1,20%
PFRM3;6,5;9;4;8,24;16,16%;59,73%;9,47%;7,09%;0,1;1,01;0,77;2,24;1,28;14,98%;2,87%;1,17%
PGMN3;6,5;9;4;3,4;14,51%;0,00%;3,97%;7,44%;0,16;0,17;0,78;2,06;1,41;31,71%;4,79%;0,82%
PNVL3;6,5;9;4;9,41;12,65%;4,88%;7,82%;3,86%;0,28;0,65;1,13;5,13;1,9;31,73%;3,99%;1,96%
PNVL4;6,5;9;4;18,62;12,65%;4,88%;7,82%;0,00%;0,56;0,65;2,25;5,13;1,9;31,73%;3,99%;1,96%
PORT3;6,5;9;4;17,51;12,80%;37,65%;20,81%;6,34%;2,53;1,3;2,81;2,11;1,12;47,83%;33,12%;18,73%
POSI3;6,5;9;4;4,62;14,00%;-29,22%;0,18%;5,91%;0,19;0,02;0,41;3,21;2,03;25,14%;7,07%;0,09%
PPAR3;6,5;9;4;14,6;0,00%;4,50%;0,73%;16,25%;0;2,64;0,04;34,41;77,22;0,00%;0,00%;0,00%
PPAR4;6,5;9;4;0;0,00%;4,50%;0,73%;0,00%;0;2,64;0;34,41;77,22;0,00%;0,00%;0,00%
PRIO3;6,5;9;4;43,11;54,25%;77,89%;42,58%;0,00%;2,48;12,64;1,46;2,85;3,19;43,99%;40,30%;72,61%
PRNR3;6,5;9;4;15,29;25,85%;0,00%;3,02%;0,34%;0,57;0,22;2,08;3,2;1,96;22,09%;7,78%;0,83%
PTBL3;6,5;9;4;4,25;16,66%;0,00%;-36,12%;0,00%;0,24;-0,81;1,89;8,57;0,87;36,12%;4,76%;-4,61%
PTNT3;6,5;9;4;8,97;6,38%;9,66%;8,77%;3,02%;0,52;0,8;0,98;2,68;2,56;14,84%;6,42%;4,69%
PTNT4;6,5;9;4;4,64;6,38%;9,66%;8,77%;5,84%;0,27;0,8;0,51;2,68;2,56;14,84%;6,42%;4,69%
QUAL3;6,5;9;4;1,76;-4,63%;-60,52%;0,29%;0,32%;0,32;0,01;0,39;5,02;1,08;84,39%;11,21%;0,24%
RAIL3;6,5;9;4;16,99;14,48%;0,00%;-9,78%;4,76%;2,29;-0,77;2,16;6,2;1,9;46,27%;15,38%;-10,38%
RAIZ4;6,5;9;4;1,5;20,39%;0,00%;-23,42%;0,67%;0,06;-0,41;0,85;10,82;1,33;4,64%;1,69%;-1,67%
RANI3;6,5;9;4;7,25;12,61%;0,00%;22,84%;9,13%;1,04;1,35;1,23;3,23;3,51;38,59%;20,41%;19,35%
RANI4;6,5;9;4;5,5;12,61%;0,00%;22,84%;0,00%;0,79;1,35;0,93;3,23;3,51;38,59%;20,41%;19,35%
RAPT3;6,5;9;4;7,73;18,53%;5,20%;10,27%;5,31%;0,2;0,97;0,82;5,51;2,06;26,63%;9,86%;2,54%
RAPT4;6,5;9;4;8,01;18,53%;5,20%;10,27%;5,12%;0,21;0,97;0,85;5,51;2,06;26,63%;9,86%;2,54%
REAG3;6,5;9;4;3,83;35,82%;0,00%;4,53%;0,00%;8,87;0,09;1,84;10,8;16,47;83,42%;-44,59%;21,86%
REDE3;6,5;9;4;6,49;9,82%;13,28%;31,93%;2,74%;0,76;0,63;3,29;4,06;1,38;25,13%;17,87%;7,35%
RENT3;6,5;9;4;37,02;29,60%;18,19%;7,28%;4,77%;1,04;1,78;1,52;5,75;1,43;23,50%;15,54%;4,97%
RLOG3;6,5;9;4;23,08;50,58%;4,37%;5,15%;0,00%;1,53;0,28;4,26;6,92;2,64;34,71%;29,67%;1,85%
RNEW11;6,5;9;4;2,92;21,43%;0,00%;-14,86%;0,00%;1,2;-0,91;0,48;26,3;0,72;-2,79%;13,16%;-37,47%
RNEW3;6,5;9;4;1,01;21,43%;0,00%;-14,86%;0,00%;1,25;-0,3;0,5;26,3;0,72;-2,79%;13,16%;-37,47%
RNEW4;6,5;9;4;1,01;21,43%;0,00%;-14,86%;0,00%;1,25;-0,3;0,5;26,3;0,72;-2,79%;13,16%;-37,47%
ROMI3;6,5;9;4;8,82;9,77%;-3,95%;8,70%;9,31%;0,64;1,14;0,67;4,96;2,12;28,12%;7,85%;8,25%
SAPR11;6,5;9;4;35,92;8,62%;21,27%;22,99%;6,14%;1,58;7,74;1,07;1,81;1,71;56,39%;39,68%;34,03%
SAPR3;6,5;9;4;7,77;8,62%;21,27%;22,99%;5,26%;1,71;1,55;1,15;1,81;1,71;56,39%;39,68%;34,03%
SAPR4;6,5;9;4;7,01;8,62%;21,27%;22,99%;6,41%;1,54;1,55;1,04;1,81;1,71;56,39%;39,68%;34,03%
SBFG3;6,5;9;4;12,35;22,95%;12,77%;19,46%;4,44%;0,42;2,32;1,04;3,04;1,49;49,30%;8,35%;7,85%
SCAR3;6,5;9;4;17;6,45%;0,00%;-1,88%;10,26%;2,14;-0,5;0,64;10,25;3,95;40,60%;20,99%;-6,27%
SEER3;6,5;9;4;8,99;9,20%;-15,14%;4,79%;1,72%;0,56;0,47;0,92;1,96;1,26;57,02%;14,47%;2,90%
SIMH3;6,5;9;4;4,42;33,49%;0,00%;-8,36%;1,59%;0,09;-0,27;1,37;6,58;1,45;25,58%;16,30%;-0,56%
SLCE3;6,5;9;4;18,34;20,74%;21,60%;16,86%;2,98%;0,94;1,87;1,66;2,69;1,44;31,67%;21,76%;9,58%
SMFT3;6,5;9;4;22,26;22,98%;0,00%;8,39%;2,58%;2,22;0,78;2,41;2,19;1,53;41,79%;22,78%;7,73%
SMTO3;6,5;9;4;17,55;14,16%;-2,72%;8,31%;5,13%;0,82;1,67;0,87;5,16;2,43;24,93%;21,19%;7,77%
SQIA3;6,5;9;4;27,37;35,51%;0,00%;-3,35%;0,00%;3,59;-0,25;3,7;4,46;1,43;42,19%;6,45%;-3,26%
SRNA3;6,5;9;4;11,7;0,00%;0,00%;0,11%;0,00%;1,59;0,01;1,34;9,13;1,16;30,32%;25,59%;0,13%
STBP3;6,5;9;4;13,82;24,45%;120,02%;130,43%;5,44%;3,8;0,92;19,64;1,63;1,01;56,09%;43,80%;25,23%
STKF3;6,5;9;4;0;24,60%;27,74%;4,97%;0,00%;0;0,41;0;3,27;3,14;54,65%;36,95%;23,68%
SULA11;6,5;9;4;20,76;4,58%;-23,56%;2,17%;0,00%;0,4;0,43;1,06;19,47;2,29;4,25%;-3,34%;0,83%
SULA3;6,5;9;4;7,43;4,58%;-23,56%;2,17%;0,00%;0,43;0,14;1,13;19,47;2,29;4,25%;-3,34%;0,83%
SULA4;6,5;9;4;7,63;4,58%;-23,56%;2,17%;0,00%;0,44;0,14;1,17;19,47;2,29;4,25%;-3,34%;0,83%
SUZB3;6,5;9;4;50,82;12,75%;0,00%;-2,48%;3,96%;1,3;-0,75;1,68;4,85;2,61;40,54%;31,11%;-1,93%
TAEE11;6,5;9;4;33,42;15,68%;10,96%;23,09%;8,20%;2,9;4,89;1,58;3,24;1,85;63,45%;73,56%;42,45%
TAEE3;6,5;9;4;11,09;15,68%;10,96%;23,09%;8,23%;2,89;1,63;1,57;3,24;1,85;63,45%;73,56%;42,45%
TAEE4;6,5;9;4;11,18;15,68%;10,96%;23,09%;8,16%;2,91;1,63;1,58;3,24;1,85;63,45%;73,56%;42,45%
TASA3;6,5;9;4;7,08;10,85%;11,93%;6,01%;2,86%;0,63;0,55;0,78;3,6;1,7;34,96%;9,47%;4,85%
TASA4;6,5;9;4;6,07;10,85%;11,93%;6,01%;3,34%;0,54;0,55;0,67;3,6;1,7;34,96%;9,47%;4,85%
TELB3;6,5;9;4;12,75;15,86%;0,00%;-17,68%;0,00%;3;-2,31;0,97;8,93;4,92;-58,05%;-35,76%;-54,54%
TELB4;6,5;9;4;7,7;15,86%;0,00%;-17,68%;0,00%;1,81;-2,31;0,59;8,93;4,92;-58,05%;-35,76%;-54,54%
TESA3;6,5;9;4;48;7,32%;0,00%;-12,18%;0,00%;1,01;-3,61;1,62;6,66;0,86;15,86%;9,39%;-7,58%
TIET11;6,5;9;4;12,54;4,60%;0,00%;-5,57%;0,00%;1,33;-0,73;0,95;12,58;0,84;0,00%;21,64%;-7,77%
TIET3;6,5;9;4;3,49;4,60%;0,00%;-5,57%;0,00%;1,84;-0,15;1,32;12,58;0,84;0,00%;21,64%;-7,77%
TIET4;6,5;9;4;3,51;4,60%;0,00%;-5,57%;0,00%;1,85;-0,15;1,33;12,58;0,84;0,00%;21,64%;-7,77%
TPIS3;6,5;9;4;4;5,93%;0,00%;2,21%;5,76%;0,14;0,46;0,19;52,74;0,13;35,31%;1,93%;1,55%
TRIS3;6,5;9;4;6,47;11,01%;5,42%;12,16%;4,65%;0,92;0,98;0,8;1,76;3,57;29,53%;15,35%;13,86%
TUPY3;6,5;9;4;17,28;15,61%;0,00%;-1,29%;8,07%;0,22;-0,32;0,69;5,3;2,33;17,47%;4,55%;-0,41%
TXRX3;6,5;9;4;9,98;2,30%;0,00%;-12,15%;0,00%;0,36;-10,29;-0,12;106,73;0,27;19,79%;2,57%;-37,23%
TXRX4;6,5;9;4;1,57;2,30%;0,00%;-12,15%;0,00%;0,06;-10,29;-0,02;106,73;0,27;19,79%;2,57%;-37,23%
UGPA3;6,5;9;4;16,2;8,37%;43,39%;14,90%;4,31%;0,13;2,03;1,19;2,57;1,76;7,16%;3,51%;1,66%
USIM3;6,5;9;4;4,15;11,59%;-8,00%;0,58%;0,00%;0,2;0,11;0,22;1,55;4,26;7,67%;3,04%;0,53%
USIM5;6,5;9;4;4,04;11,59%;-8,00%;0,58%;0,00%;0,19;0,11;0,21;1,55;4,26;7,67%;3,04%;0,53%
USIM6;6,5;9;4;8;11,59%;-8,00%;0,58%;0,00%;0,38;0,11;0,41;1,55;4,26;7,67%;3,04%;0,53%
VAMO3;6,5;9;4;3,94;31,14%;16,62%;12,29%;6,81%;0,99;0,28;1,71;4,64;1,86;68,12%;59,59%;7,10%
VBBR3;6,5;9;4;21,05;12,65%;22,87%;30,13%;6,25%;0,13;5,53;1,15;2,39;1,94;4,77%;4,93%;3,49%
VITT3;6,5;9;4;5,16;12,74%;5,86%;11,59%;3,65%;0,97;0,48;1,23;2,87;2,67;32,86%;10,85%;9,07%
VSTE3;6,5;9;4;6,03;3,10%;0,00%;-0,91%;0,00%;0,61;-0,08;0,67;6,63;1,41;63,27%;3,98%;-0,83%
WEST3;6,5;9;4;3,63;10,76%;0,00%;-13,90%;0,00%;0,25;-2,9;0,17;2,45;2,94;41,55%;-29,05%;-20,22%
WLMM3;6,5;9;4;24;23,58%;20,16%;15,69%;2,50%;0,29;3,42;1,1;1,64;2,36;12,41%;6,73%;4,08%
WLMM4;6,5;9;4;23,34;23,58%;20,16%;15,69%;2,82%;0,28;3,42;1,07;1,64;2,36;12,41%;6,73%;4,08%
YDUQ3;6,5;9;4;14,03;8,46%;-13,14%;10,29%;4,07%;0,72;1,17;1,24;4,85;1,36;60,89%;17,03%;5,94%
